Week,Year,Week_Numer,Gross,Gross_Diff,Pot_Gross,Potential_Gross_Percent,Average_Paid_Ticket,Top_Ticket,Seats_Sold,Total_Seats,Performances,Capacity,Capacity_Diff,Show_Name
2/21/10,2010,8,455335,455335,933200,0.4879,62.03,200,7340,8568,8,0.857,0,A Behanding In Spokane
1/6/08,2008,1,259101,-61485,599676,0.4321,73.9,251.5,3506,7592,8,0.462,-0.112,A Bronx Tale
3/30/08,2008,13,400926,400926,606209,0.6614,69.82,199.5,5742,6531,7,0.879,0,A Catered Affair
4/15/90,1990,15,20776,20776,0,,0,0,1944,0,7,0,0,A Change In The Heir
1/6/08,2008,1,502712,-228801,792383,0.6344,65.58,301.25,7666,8552,8,0.896,-0.105,A Chorus Line
12/30/01,2001,52,819397,386727,913747,0.8967,68.25,100,12005,12800,8,0.938,0.938,A Christmas Carol
2/18/01,2001,7,172138,172138,474553,0.3627,35.65,75,4828,7637,7,0.632,0,A Class Act
3/16/03,2003,11,130302,130302,232600,0.5602,41.91,65,3109,3700,5,0.84,0,A Day In The Death Of Joe Egg
1/4/15,2015,1,648646,8054,923128,0.7027,118.89,323,5456,6416,8,0.85,0.067,A Delicate Balance
3/30/97,1997,13,94514,94514,0,,29.34,60,3221,6108,6,0.527,0,A Doll S House
4/2/17,2017,14,85982,85982,471835,0.1822,30.03,273,2863,3875,5,0.739,0,A Doll S Housepart 2
1/6/91,1991,1,100988,-48967,0,,0,0,4655,0,8,0,0,A Few Good Men
1/2/11,2011,1,236459,92609,880750,0.2685,53.02,115,4460,8344,8,0.535,0.099,A Free Man Of Color
1/4/98,1998,1,428654,17249,623630,0.6874,46.03,70,9313,12936,8,0.72,0.034,A Funny Thing Happened On The Way To The Forum
1/3/16,2016,1,764181,225599,1180359,0.6474,95.88,327,7970,8163,9,0.976,0.118,A Gentleman S Guide To Love And Murder
1/2/94,1994,1,65319,27736,0,,0,0,3465,0,8,0,0,A Grand Night For Singing
9/26/10,2010,39,344287,344287,994752,0.3461,59.27,250,5809,8568,8,0.678,0,A Life In The Theatre
1/19/92,1992,3,157130,157130,0,,0,0,6452,0,8,0,0,A Little Hotel On The Side
10/19/86,1986,42,20000,20000,0,,0,0,2000,0,4,0,0,A Little Like Magic
9/14/08,2008,37,141040,141040,336819,0.4187,50.3,111.5,2804,3700,5,0.758,0,A Man For All Seasons
3/24/96,1996,12,252870,252870,593349,0.4262,38.03,65,6649,8688,6,0.765,0,A Midsummer Night S Dream
10/25/98,1998,43,1648,1648,31671,0.052,21.97,40,75,1004,1,0.075,0,A Mom S Life
4/9/95,1995,15,133766,133766,0,,0,0,3916,0,8,0,0,A Month In The Country
4/5/87,1987,14,35612,35612,0,,0,0,2690,0,7,0,0,A Month Of Sundays
4/1/07,2007,13,400224,400224,433545,0.9231,88.94,251.5,4500,5165,5,0.871,0,A Moon For The Misbegotten
9/18/05,2005,38,237903,237903,356124,0.668,50.34,81.25,4726,5920,8,0.798,0,A Naked Girl On The Appian Way
1/5/14,2014,1,369944,-74413,701808,0.5271,88.57,197,4177,6720,8,0.622,-0.114,A Night With Janis Joplin
3/9/14,2014,10,151179,151179,129748,1.1652,144.53,348,1046,1046,1,1,0,A Raisin In The Sun
4/5/92,1992,14,118935,118935,0,,0,0,6379,0,8,0,0,A Small Family Business
9/13/09,2009,37,767663,767663,636970,1.2052,143.35,375,5355,5355,5,1,0,A Steady Rain
4/8/12,2012,15,309488,309488,1015867,0.3047,47.11,197.5,6569,9344,8,0.703,0,A Streetcar Named Desire
8/24/08,2008,34,364207,364207,713340,0.5106,59.94,97,6076,8520,6,0.713,0,A Tale Of Two Cities
7/8/01,2001,27,179909,179909,409343,0.4395,38.76,77.5,4642,6570,6,0.707,0,A Thousand Clowns
9/29/13,2013,39,54952,54952,92158,0.5963,70.81,223,776,802,1,0.968,0,A Time To Kill
1/1/06,2006,1,295592,137159,445428,0.6636,52.95,86.25,5582,7056,7,0.791,0.301,A Touch Of The Poet
1/1/95,1995,1,209755,101920,0,,0,0,5581,0,8,0,0,A Tuna Christmas
1/3/16,2016,1,518228,41141,878432,0.5899,73.26,248,7074,8168,8,0.866,0.14,A View From The Bridge
2/14/88,1988,7,44009,44009,0,,0,0,3224,0,6,0,0,A Walk In The Woods
4/6/03,2003,14,88839,88839,505074,0.1759,42.96,91.25,2068,8416,8,0.246,0,A Year With Frog And Toad
1/2/94,1994,1,342411,187426,0,,0,0,7431,0,8,0,0,Abe Lincoln In Illinois
9/25/05,2005,39,107270,107270,237263,0.4521,43.89,79,2444,3250,5,0.752,0,Absurd Person Singular
4/12/09,2009,15,145549,145549,395742,0.3678,49.76,95,2925,4550,7,0.643,0,Accent On Youth
11/4/84,1984,0,23149,23149,0,,0,0,1777,0,3,0,0,Accidental Death Anar 
4/8/90,1990,14,36909,36909,0,,0,0,3459,0,3,0,0,Accomplice
3/23/14,2014,12,152704,152704,513600,0.2973,57.67,125,2648,4336,4,0.611,0,Act One
1/5/14,2014,1,579804,-311606,995336,0.5825,102.86,197,5637,8288,8,0.68,-0.228,After Midnight
9/20/09,2009,38,98091,98091,392100,0.2502,27.93,111.5,3512,3700,5,0.949,0,After Miss Julie
6/27/04,2004,26,158242,158242,226300,0.6993,50.54,86.25,3131,3700,5,0.846,0,After The Fall
5/1/05,2005,18,95772,95772,233909,0.4094,42.17,78,2271,3250,5,0.699,0,After The Night And The Music
2/22/98,1998,8,77935,77935,445000,0.1751,24.8,55,3143,4308,4,0.73,0,Ah Wilderness
6/12/88,1988,24,24809,24809,0,,0,0,1335,0,2,0,0,Ah Wildernesslong Day S Journey Into Night
1/4/04,2004,1,849615,-72527,920819,0.9227,71.04,180,11960,13560,8,0.882,-0.017,Aida
3/28/93,1993,13,89745,89745,0,,0,0,3196,0,4,0,0,Ain T Broadway Grand
1/1/89,1989,1,277924,176956,0,,0,0,8103,0,8,0,0,Ain T Misbehavin 
4/5/15,2015,14,90799,90799,442026,0.2054,34.67,0,2619,3762,6,0.696,0,Airline Highway
1/7/18,2018,1,1700096,-685832,1648369,1.0314,123.41,227.5,13776,13816,8,0.997,-0.001,Aladdin
2/28/10,2010,9,265727,265727,823944,0.3225,56.17,251.5,4731,7322,7,0.646,0,All About Me
1/4/09,2009,1,713678,110228,919663,0.776,81.91,300,8713,9468,9,0.92,-0.038,All My Sons
2/20/05,2005,8,95406,95406,126934,0.7516,56.39,100,1692,1704,1,0.993,0,All Shook Up
2/16/14,2014,7,770789,770789,1381980,0.5577,94.14,225,8188,11424,8,0.717,0,All The Way
1/3/16,2016,1,552338,66489,927600,0.5954,78.94,223,6997,8456,8,0.827,0.143,Allegiance
1/6/85,1985,1,71460,-63824,0,,0,0,2932,0,8,0,0,Alone Together
11/27/16,2016,48,580738,580738,933040,0.6224,102.77,197.5,5651,8208,8,0.688,0,Alton Brown Liveeat Your Science
1/2/00,2000,1,285367,62119,470340,0.6067,51.63,70,5527,7944,8,0.696,0.175,Amadeus
6/28/15,2015,26,200392,200392,686150,0.2921,57.57,197,3481,5810,5,0.599,0,Amazing Grace
3/12/17,2017,11,377025,377025,503446,0.7489,104.24,250.5,3617,3708,4,0.975,0,Am Lie
11/2/08,2008,44,124431,124431,372088,0.3344,52.24,250,2382,4072,4,0.585,0,American Buffalo
1/2/11,2011,1,1183038,643228,1492808,0.7925,88.12,250,13426,15381,9,0.873,0.312,American Idiot
3/27/16,2016,13,365186,365186,530359,0.6886,90.04,248,4056,4124,4,0.984,0,American Psycho
9/22/02,2002,38,42449,42449,145074,0.2926,38.84,86.25,1093,1922,2,0.569,0,Amour
4/4/99,1999,14,100320,100320,115802,0.8663,46.88,65,2140,2192,2,0.976,0,Amy S View
5/29/16,2016,22,122461,-952317,192562,0.636,86.67,247,1413,1506,2,0.938,-0.041,An Act Of God
1/27/02,2002,4,199167,199167,349943,0.5691,43.96,65,4531,5920,8,0.765,0,An Almost Holy Picture
3/23/97,1997,12,84649,84649,0,,22.86,50,3703,4316,4,0.858,0,An American Daughter
1/3/16,2016,1,1349303,67274,1471280,0.9171,116.86,223,11546,13432,8,0.86,0.05,An American In Paris
9/9/12,2012,37,158664,158664,494739,0.3207,46.04,120,3446,4508,7,0.764,0,An Enemy Of The People
7/19/98,1998,29,65010,65010,264309,0.246,25.54,65,2545,4800,6,0.53,0,An Evening With Jerry Herman
1/1/12,2012,1,460420,460420,1033200,0.4456,97.82,250,4707,8464,8,0.556,0,An Evening With Patti Lupone And Mandy Patinkin
1/5/97,1997,1,168568,-37976,0,,38.88,55,4336,8768,8,0.495,-0.107,An Ideal Husband
1/1/95,1995,1,402142,182263,0,,0,0,8053,0,8,0,0,An Inspector Calls
1/7/18,2018,1,1032519,-791218,962806,1.0724,128.53,298,8033,8001,7,1.004,0.002,Anastasia
2/25/18,2018,8,322034,322034,618435,0.5207,77.23,247,4322,4032,3,1.072,0,Angels In America
2/24/13,2013,8,262436,262436,926975,0.2831,54.38,175,4826,7791,7,0.619,0,Ann
1/3/93,1993,1,146869,83678,0,,0,0,3960,0,8,0,0,Anna Christie
1/4/04,2004,1,199156,-38045,579530,0.3437,47.29,81.25,4211,8624,8,0.488,-0.068,Anna In The Tropics
8/16/92,1992,33,73406,73406,0,,0,0,4595,0,8,0,0,Anna Karenina
1/5/14,2014,1,1387296,-179551,1235666,1.1227,101.86,250,13619,13664,8,0.997,0.029,Annie
1/7/01,2001,1,277088,-457522,790214,0.3506,43.85,75,6319,12760,8,0.495,-0.327,Annie Get Your Gun
11/7/93,1993,45,94247,94247,0,,0,0,5792,0,8,0,0,Any Given Day
1/1/12,2012,1,1031294,1031294,1261602,0.8174,116.54,250,8849,9234,9,0.958,0,Anything Goes
2/27/11,2011,9,74305,74305,107500,0.6912,78.38,225,948,1035,1,0.916,0,Arcadia
4/21/85,1985,16,207798,207798,0,,0,0,6604,0,8,0,0,Aren T We All
5/12/85,1985,19,26832,26832,0,,0,0,1457,0,4,0,0,Arms And The Man
1/4/87,1987,1,151798,18258,0,,0,0,6422,0,8,0,0,Arsenic And Old Lace
1/3/99,1999,1,391945,91665,456072,0.8594,48.97,60,8003,8576,8,0.933,0.187,Art
11/26/89,1989,48,55076,55076,0,,0,0,2138,0,7,0,0,Artist Descending A Staircase
1/5/86,1986,1,67610,16289,0,,0,0,3103,0,8,0,0,As Is
2/23/03,2003,8,19830,19830,0,,43.11,65,460,740,1,0.622,0,As Long As We Both Shall Laugh
4/19/87,1987,16,19601,19601,0,,0,0,1159,0,8,0,0,Asinamali
1/6/91,1991,1,248106,-121334,0,,0,0,5994,0,8,0,0,Aspects Of Love
4/4/04,2004,14,281856,281856,374929,0.7518,51.44,91.25,5479,6209,7,0.882,0,Assassins
1/4/09,2009,1,395288,28911,843020,0.4689,73.34,250,5390,8811,9,0.612,-0.08,Augustosage County
1/4/09,2009,1,453119,1397,637051,0.7113,78.86,200,5746,6368,8,0.902,0.016,Avenue Q
3/26/06,2006,13,70594,70594,198327,0.3559,37.37,81.25,1889,3012,3,0.627,0,Awake And Sing 
10/25/98,1998,43,323538,323538,501740,0.6448,45.89,75,7050,9540,6,0.739,0,Aznavour
6/10/84,1984,0,121030,121030,0,,0,0,4979,0,8,0,0,Baby
3/27/11,2011,13,73130,73130,132516,0.5519,68.99,175,1060,1152,1,0.92,0,Baby It S You 
2/21/99,1999,8,51595,51595,152880,0.3375,35.34,65,1460,2352,4,0.621,0,Band In Berlin
4/2/17,2017,14,170905,170905,273542,0.6248,86.71,227,1971,2066,2,0.954,0,Bandstand
4/5/87,1987,14,21746,21746,0,,0,0,1138,0,5,0,0,Barbara Cook
3/21/04,2004,12,86972,86972,182430,0.4767,33.68,60,2582,3141,3,0.822,0,Barbara Cook S Broadway
1/6/02,2002,1,79989,40770,112010,0.7141,38.85,60,2059,2134,2,0.965,0.965,Barbara Cookmostly Sondheim
1/29/06,2006,5,284991,284991,570279,0.4997,60.49,95,4711,8816,8,0.534,0,Barefoot In The Park
3/16/97,1997,11,78472,78472,154404,0.5082,30.53,45,2570,4040,4,0.636,0,Barrymore
2/3/02,2002,5,159059,159059,362923,0.4383,44.22,66.25,3597,6248,8,0.576,0,Bea Arthur On Broadway
1/7/18,2018,1,707806,-450632,1106908,0.6394,111.45,249,6351,8208,8,0.774,-0.181,Beautiful
1/7/07,2007,1,741075,-560999,1012000,0.7323,64.41,175,11505,12072,8,0.953,-0.035,Beauty And The Beast
3/18/01,2001,11,263839,263839,610863,0.4319,40.33,86.25,6542,8176,8,0.8,0,Bells Are Ringing
1/5/86,1986,1,230504,7108,0,,0,0,7454,0,8,0,0,Benefactors
3/13/11,2011,11,409304,409304,629680,0.65,90.53,300,4521,5424,4,0.834,0,Bengal Tiger At The Bagdhad Zoo
1/5/14,2014,1,1367059,-75028,1265427,1.0803,144.25,423,9477,9477,9,1,0,Betrayal
4/14/96,1996,15,358670,358670,0,,41.89,70,8562,10143,7,0.844,0,Big
4/6/86,1986,14,142591,142591,0,,0,0,4907,0,5,0,0,Big Deal
9/8/13,2013,36,383543,383543,661384,0.5799,69.48,200,5520,5468,4,1.01,0,Big Fish
7/6/03,2003,27,172574,172574,505080,0.3417,32.02,91.25,5389,5824,8,0.925,0,Big River
5/4/03,2003,18,118401,118401,570744,0.2075,37.64,70,3146,10040,8,0.313,0,Bill Mahervictory Begins At Home
1/1/12,2012,1,1453172,1453172,1694745,0.8575,113.72,199,12778,12789,9,0.999,0,Billy Elliotthe Musical
1/5/86,1986,1,203250,-43609,0,,0,0,7825,0,8,0,0,Biloxi Blues
1/6/91,1991,1,254397,-125549,0,,0,0,7148,0,8,0,0,Black And Blue
8/15/93,1993,33,63107,63107,0,,0,0,2989,0,7,0,0,Black Comedy White Liars
9/18/16,2016,38,154181,154181,168928,0.9127,97.03,167,1589,1626,1,0.977,0,Black To The Future
2/7/16,2016,6,156916,156916,236624,0.6631,84.14,248,1865,2056,2,0.907,0,Blackbird
4/8/01,2001,14,174610,174610,493328,0.3539,37.16,71.25,4699,8390,5,0.56,0,Blast 
3/1/09,2009,9,323955,323955,673336,0.4811,66.7,300,4857,7395,5,0.657,0,Blithe Spirit
1/1/95,1995,1,314531,227709,0,,0,0,6756,0,8,0,0,Blood Brothers
1/5/86,1986,1,79401,-15553,0,,0,0,3416,0,8,0,0,Blood Knot
1/2/11,2011,1,697839,196660,978075,0.7135,84.72,190,8237,8240,8,1,0.156,Bloody Bloody Andrew Jackson
11/9/03,2003,45,100389,100389,520875,0.1927,39.06,86.25,2570,7574,7,0.339,0,Bobbi Boland
1/4/09,2009,1,450913,92300,697843,0.6462,56.15,250,8030,8616,8,0.932,0.154,Boeing Boeing
1/2/05,2005,1,912090,406439,1229424,0.7419,62.73,251.25,14540,15849,9,0.917,0.234,Bombay Dreams
1/1/12,2012,1,526181,526181,921205,0.5712,72.61,225,7247,8344,8,0.869,0,Bonnie And Clyde
4/3/11,2011,14,137391,137391,542595,0.2532,41.9,225,3279,5395,5,0.608,0,Born Yesterday
1/17/93,1993,3,21486,21486,0,,0,0,1144,0,4,0,0,Boys Choir Of Harlem And Friends
4/13/86,1986,15,13856,13856,0,,0,0,809,0,4,0,0,Boys In Autumn
11/10/85,1985,45,54051,54051,0,,0,0,2738,0,8,0,0,Boys Of Winter
3/10/13,2013,10,349270,349270,801540,0.4357,57.05,200,6122,7553,7,0.811,0,Breakfast At Tiffany S
1/3/88,1988,1,276746,46406,0,,0,0,9666,0,8,0,0,Breaking The Code
1/15/06,2006,3,144400,144400,298860,0.4832,52.62,85,2744,3516,6,0.78,0,Bridge And Tunnel
1/2/11,2011,1,411174,166674,885200,0.4645,59.88,127,6867,8016,8,0.857,0.244,Brief Encounter
2/28/16,2016,9,206573,206573,465846,0.4434,63.8,248,3238,4192,4,0.772,0,Bright Star
10/4/09,2009,40,39755,39755,227147,0.175,29.67,148.5,1340,2446,2,0.548,0,Brighton Beach Memoirs
1/3/99,1999,1,487340,61563,511130,0.9535,56.58,85,8614,8512,8,1.012,0.068,Bring In Da Noise Bring In Da Funk
7/15/12,2012,29,235957,235957,370084,0.6376,46.64,197,5059,5336,4,0.948,0,Bring It On The Musical
6/28/87,1987,26,43747,43747,0,,0,0,3071,0,7,0,0,Broadway
1/3/88,1988,1,204351,71514,0,,0,0,8016,0,8,0,0,Broadway Bound
4/17/94,1994,16,101439,101439,277455,0.3656,0,0,4693,6448,8,0.728,0,Broken Glass
1/12/14,2014,2,128209,128209,378420,0.3388,75.77,227,1692,3088,4,0.548,0,Bronx Bombers
1/2/05,2005,1,435176,214342,727492,0.5982,76.36,100,5699,8352,8,0.682,0.286,Brooklyn
1/16/05,2005,3,119248,119248,233909,0.5098,44.6,78,2674,3250,5,0.823,0,Brooklyn Boy
1/6/91,1991,1,259893,-117419,0,,0,0,6612,0,8,0,0,Buddy
3/16/14,2014,11,655710,655710,1137030,0.5767,72.45,252,9050,9780,6,0.925,0,Bullets Over Broadway
4/21/96,1996,16,101397,101397,0,,21.46,45,4725,6126,6,0.771,0,Buried Child
1/3/10,2010,1,594252,140120,821732,0.7232,75.44,173.5,7877,8352,8,0.943,0.133,Burn The Floor
1/3/88,1988,1,232428,84905,0,,0,0,8156,0,8,0,0,Burn This
2/4/96,1996,5,80000,80000,287600,0.2782,22.93,50,4000,1442,2,2.774,0,Bus Stop
1/7/07,2007,1,301263,-75879,526953,0.5717,68.31,251.25,4410,6240,8,0.707,-0.183,Butley
6/11/95,1995,24,27020,27020,289283,0.0934,0,50,1684,6720,6,0.251,0,Buttons On Broadway
10/21/01,2001,42,197665,197665,369280,0.5353,54.85,86.25,3604,4616,8,0.781,0,By Jeeves
1/3/10,2010,1,667496,28798,1108120,0.6024,83.41,141.5,8003,8208,8,0.975,0.029,Bye Bye Birdie
1/4/15,2015,1,1051850,37953,1018600,1.0326,146.58,350,7176,7144,8,1.004,0,Cabaret
2/19/89,1989,8,23454,23454,0,,0,0,2153,0,2,0,0,Cafe Crown
6/20/93,1993,25,222078,222078,0,,0,0,5780,0,4,0,0,Camelot
7/17/88,1988,29,192188,192188,0,,0,0,5194,0,5,0,0,Canciones De Mi Padre
3/7/93,1993,10,67680,67680,0,,0,0,2495,0,5,0,0,Candida
1/12/86,1986,2,14855,14855,0,,0,0,879,0,4,0,0,Caretaker
3/4/18,2018,9,702387,702387,1016170,0.6912,117.93,323,5956,7140,5,0.834,0,Carousel
5/1/88,1988,18,83562,83562,0,,0,0,4707,0,5,0,0,Carrie
4/6/14,2014,14,155775,155775,512834,0.3038,45.2,125,3446,4550,7,0.757,0,Casa Valentina
1/6/13,2013,1,761845,-205103,1313805,0.5799,91.91,175,8289,11072,8,0.749,-0.067,Cat On A Hot Tin Roof
3/13/11,2011,11,284359,284359,522885,0.5438,74.32,200,3826,4266,3,0.897,0,Catch Me If You Can
1/1/17,2017,1,1723569,762531,1605038,1.0738,139.99,197,12312,12375,9,0.995,0.09,Cats
1/3/93,1993,1,251203,111304,0,,0,0,7375,0,8,0,0,Catskills On Broadway
1/6/13,2013,1,509381,-48987,979036,0.5203,75.17,193.5,6776,8360,8,0.811,-0.013,Chaplin
1/7/18,2018,1,1277069,-777808,1390624,0.9183,107.51,233,11879,11968,8,0.993,-0.004,Charlie And The Chocolate Factory
1/1/89,1989,1,199353,140288,0,,0,0,7586,0,8,0,0,Checkmates
4/17/88,1988,16,325624,325624,0,,0,0,7904,0,7,0,0,Chess
1/7/18,2018,1,770639,-489609,958024,0.8044,106.4,238,7243,8640,8,0.838,-0.172,Chicago
3/25/18,2018,12,247123,247123,626730,0.3943,56.91,247,4342,5020,5,0.865,0,Children Of A Lesser God
1/3/16,2016,1,697576,86801,1033941,0.6747,131.32,350,5312,7483,7,0.71,0.034,China Doll
5/31/92,1992,22,172242,172242,0,,0,0,4051,0,7,0,0,Chinese Coffee Salome
1/1/12,2012,1,393198,393198,1000269,0.3931,71.86,250,5472,9693,9,0.565,0,Chinglish
1/1/06,2006,1,381836,177101,649083,0.5883,67.22,101.25,5680,7455,7,0.762,0.312,Chita Riverathe Dancer S Life
1/1/06,2006,1,1278380,763324,1377768,0.9279,79.83,201.25,16014,16263,9,0.985,0.25,Chitty Chitty Bang Bang
5/21/95,1995,21,37540,37540,0,,0,0,2260,0,4,0,0,Chronicle Of A Death Foretold
3/19/89,1989,12,35802,35802,0,,0,0,2012,0,5,0,0,Chu Chem
1/4/15,2015,1,1873246,536702,1349936,1.3877,119.24,297,15710,15759,9,0.997,0.049,Cinderella
6/22/08,2008,25,415858,415858,1019189,0.408,57.2,200,7270,13936,8,0.522,0,Cirque Dreamsjungle Fantasy
1/5/92,1992,1,327095,-103428,0,,0,0,8136,0,8,0,0,City Of Angels
3/14/99,1999,11,211886,211886,361828,0.5856,40.61,60,5218,7063,7,0.739,0,Closer
4/1/12,2012,14,233486,233486,854032,0.2734,39.56,199,5902,7608,8,0.776,0,Clybourne Park
1/3/88,1988,1,69628,38440,0,,0,0,3687,0,8,0,0,Coastal Disturbances
8/30/98,1998,35,43698,43698,126205,0.3462,25.19,50,1735,3522,6,0.493,0,Colin Quinn An Irish Wake
1/2/11,2011,1,261451,105635,428520,0.6101,73.11,180,3576,4696,8,0.761,0.298,Colin Quinnlong Story Short
4/11/10,2010,15,60294,60294,236600,0.2548,41.47,97,1454,2600,4,0.559,0,Collected Stories
1/6/08,2008,1,87185,87185,279900,0.3115,49.23,91.5,1771,3250,5,0.545,0,Come Back Little Sheba
3/7/10,2010,10,502367,502367,1306795,0.3844,56.98,250,8817,11109,7,0.794,0,Come Fly Away
1/7/18,2018,1,1286045,-548173,1260966,1.0199,151.28,347,8501,8368,8,1.016,-0.004,Come From Away
12/18/94,1994,51,69008,69008,0,,0,0,6870,0,6,0,0,Comedy Tonight
1/7/07,2007,1,424132,-189762,743305,0.5706,72.38,251.25,5860,8368,8,0.7,-0.173,Company
9/3/95,1995,36,173012,173012,235778,0.7338,0,67.5,3493,3493,7,1,0,Company Original
1/4/15,2015,1,478445,94057,679684,0.7039,94.93,0,5040,5200,8,0.969,0.061,Constellations
1/6/02,2002,1,431781,-185184,656080,0.6581,58.93,85,7327,8536,8,0.858,-0.14,Contact
1/3/93,1993,1,288797,82328,0,,0,0,8226,0,8,0,0,Conversations With My Father
1/7/01,2001,1,228589,-115784,462320,0.4944,41.39,65,5523,8608,8,0.642,-0.143,Copenhagen
4/22/07,2007,16,210256,210256,854086,0.2462,48.11,176.25,4370,10017,7,0.436,0,Coram Boy
1/5/86,1986,1,25000,-5400,0,,0,0,500,0,8,0,0,Corpse
1/7/96,1996,1,383733,-226457,0,,42.61,67.5,9006,0,8,0,0,Crazy For You
1/19/92,1992,3,45439,45439,0,,0,0,3778,0,8,0,0,Crazy He Calls Me
3/16/08,2008,11,69652,69652,73350,0.9496,43.24,250,1611,1611,1,1,0,Cry Baby
7/20/86,1986,29,123524,123524,0,,0,0,5457,0,5,0,0,Cuba Teddy Bear
1/6/08,2008,1,559642,-219779,1075464,0.5204,71.76,251.5,7799,11376,8,0.686,-0.038,Curtains
1/6/08,2008,1,230226,11974,727040,0.3167,58.76,90,3918,8376,8,0.468,-0.044,Cymbeline
1/2/94,1994,1,361805,203455,0,,0,0,7747,0,8,0,0,Cyrano
9/16/12,2012,38,103184,103184,418550,0.2465,38.16,127,2704,3635,5,0.744,0,Cyrano De Bergerac
1/2/05,2005,1,466781,131452,595670,0.7836,72.72,86.25,6419,7992,8,0.803,0.132,Dame Edna Back With A Vengeance
1/2/00,2000,1,289128,70070,352259,0.8208,57.33,65,5043,6120,8,0.824,0.178,Dame Ednathe Royal Tour
1/3/16,2016,1,211207,87482,694843,0.304,51.91,250,4069,5247,9,0.775,0.2,Dames At Sea
1/1/95,1995,1,592839,321575,0,,0,0,11593,0,8,0,0,Damn Yankees
1/6/02,2002,1,239580,-87204,586302,0.4086,45.96,71.25,5213,9456,8,0.551,-0.273,Dance Of Death
1/5/03,2003,1,476979,-292289,0,,58.97,240,8088,11739,7,0.689,-0.077,Dance Of The Vampires
1/5/92,1992,1,286555,9732,0,,0,0,7923,0,8,0,0,Dancing At Lughnasa
1/6/85,1985,1,31720,-2366,0,,0,0,2048,0,8,0,0,Dancing Inthe End Zone
10/15/89,1989,42,74050,74050,0,,0,0,5066,0,8,0,0,Dangerous Games
11/5/95,1995,45,34350,34350,0,,0,40,3700,10768,8,0.344,0,Danny Gans On Broadway
1/6/13,2013,1,254255,-73548,982243,0.2589,70.96,248,3583,7976,8,0.449,-0.031,Dead Accounts
1/7/18,2018,1,1744820,-374551,1425136,1.2243,218.38,448,7990,7872,8,1.015,0,Dear Evan Hansen
2/23/92,1992,8,289899,289899,0,,0,0,8388,0,8,0,0,Death And The Maiden
2/19/12,2012,8,613569,613569,731760,0.8385,107.47,225,5709,6348,6,0.899,0,Death Of A Salesman
2/15/87,1987,7,39389,39389,0,,0,0,2884,0,4,0,0,Deathandking S Horseman
1/5/03,2003,1,203163,-36463,392065,0.5182,35.56,66.25,5714,8752,8,0.653,-0.057,Def Poetry Jam
1/5/97,1997,1,218869,24521,0,,47.5,48.04,4556,4776,8,0.954,-0.041,Defending The Caveman
1/2/05,2005,1,462857,118145,742658,0.6232,70.02,95,6610,9468,9,0.698,0.019,Democracy
2/18/01,2001,7,96779,96779,131229,0.7375,48.15,65,2010,2220,3,0.905,0,Design For Living
4/19/09,2009,16,199120,199120,1070492,0.186,48.25,252,4127,11224,8,0.368,0,Desire Under The Elms
4/15/07,2007,15,145912,145912,341245,0.4276,51.94,251.25,2809,4036,4,0.696,0,Deuce
1/5/03,2003,1,311409,24967,593760,0.5245,46.66,70,6674,8712,8,0.766,0.101,Dinner At Eight
1/7/01,2001,1,124910,-44303,282720,0.4418,39.65,65,3150,4712,8,0.669,0.035,Dirty Blonde
1/1/06,2006,1,1148525,509498,1172401,0.9796,93.23,251.25,12319,12915,9,0.954,0.142,Dirty Rotten Scoundrels
2/14/16,2016,7,364575,364575,1123808,0.3244,55.8,197,6534,9576,8,0.682,0,Disaster 
1/4/15,2015,1,386752,-6619,778807,0.4966,67.41,198,5737,7344,8,0.781,0.126,Disgraced
1/4/09,2009,1,335231,31296,452955,0.7401,65.9,95,5087,5460,7,0.932,0.091,Dividing The Estate
3/29/15,2015,13,291270,291270,482320,0.6039,74.02,247,3935,4434,3,0.887,0,Doctor Zhivago
4/1/12,2012,14,110317,110317,407625,0.2706,40.25,117,2741,3640,5,0.753,0,Don T Dress For Dinner
1/3/88,1988,1,146413,10957,0,,0,0,5386,0,8,0,0,Don T Get God Started
1/2/11,2011,1,431986,-49826,619050,0.6978,110.71,250,3902,4908,3,0.795,0.192,Donny And Mariea Broadway Christmas
1/5/86,1986,1,60452,-18694,0,,0,0,3289,0,8,0,0,Doubles
1/1/06,2006,1,603566,255604,621448,0.9712,83.18,301.25,7256,8316,9,0.873,0.106,Doubt
1/6/08,2008,1,647223,-818457,1638716,0.395,57.68,159.5,11220,20472,12,0.548,-0.128,Drseusshow The Grinch Stole Christmas 
1/2/05,2005,1,462006,262003,648149,0.7128,62.42,101.25,7401,8232,8,0.899,0.509,Dracula The Musical
3/16/97,1997,11,118195,118195,0,,33.81,70,3496,5180,5,0.675,0,Dreamthe Johnny Mercer Musical
6/28/87,1987,26,108697,108697,0,,0,0,4681,0,8,0,0,Dreamgirls
12/1/96,1996,48,1250775,1250775,0,,61.34,67.5,20391,21536,16,0.947,0,Dreams And Nightmares
1/2/11,2011,1,582218,129783,766080,0.76,115.84,300,5026,6432,8,0.781,0.061,Driving Miss Daisy
1/4/87,1987,1,379174,35466,0,,0,0,11037,0,8,0,0,Drood
2/1/04,2004,5,110854,110854,226053,0.4904,45.28,80,2448,3250,5,0.753,0,Drowning Crow
1/1/89,1989,1,152835,55179,0,,0,0,5896,0,8,0,0,Eastern Standard
2/28/16,2016,9,400315,400315,717927,0.5576,73.3,198,5461,5614,7,0.973,0,Eclipsed
2/10/02,2002,6,304629,304629,425379,0.7161,55.87,85,5452,6640,5,0.821,0,Elaine Stritch At Liberty
1/3/99,1999,1,409469,55422,405430,1.01,49.43,60,8284,8688,8,0.953,0.053,Electra
1/6/13,2013,1,696616,-570781,1278076,0.5451,77.3,250,9012,11392,8,0.791,-0.053,Elf
11/7/10,2010,45,594759,594759,1386950,0.4288,64.72,250,9190,11392,8,0.807,0,Elf The Musical
11/7/10,2010,45,155419,155419,776440,0.2002,33.85,225,4591,7392,7,0.621,0,Elling
4/13/03,2003,15,136009,136009,536896,0.2533,38.33,81.25,3548,8296,8,0.428,0,Enchanted April
3/25/12,2012,13,315525,315525,819340,0.3851,55.13,198,5723,7912,8,0.723,0,End Of The Rainbow
4/11/10,2010,15,213010,213010,676100,0.3151,61.92,250,3440,5890,5,0.584,0,Enron
9/12/99,1999,37,80379,80379,304040,0.2644,31.35,65,2564,4776,8,0.537,0,Epic Proportions
1/4/09,2009,1,605706,107275,947513,0.6393,79.28,300,7640,9648,8,0.792,0.157,Equus
2/18/18,2018,7,396813,396813,448544,0.8847,129.3,247,3069,3252,2,0.944,0,Escape To Margaritaville
11/23/97,1997,47,97542,97542,400000,0.2439,0,24.1,4047,9100,7,0.445,0,Eugene Onegin
4/25/10,2010,17,97803,97803,652200,0.15,18.92,116.5,5168,5920,8,0.873,0,Everyday Rapture
1/6/13,2013,1,1091836,-457155,1666936,0.655,97.23,275,11229,12896,8,0.871,-0.001,Evita
3/9/86,1986,10,20693,20693,0,,0,0,1674,0,4,0,0,Execution Of Justice
3/8/09,2009,10,126011,126011,197181,0.6391,67.24,250,1874,2116,2,0.886,0,Exit The King
3/14/93,1993,11,50114,50114,0,,0,0,2816,0,8,0,0,Face Value
4/23/06,2006,17,479868,479868,526953,0.9106,78.54,251.25,6110,6240,8,0.979,0,Faith Healer
1/1/17,2017,1,712169,165731,968152,0.7356,99.41,252,7164,7456,8,0.961,0.128,Falsettos
1/7/18,2018,1,814072,-61567,927800,0.8774,101.33,297,8034,8408,8,0.956,-0.04,Farinelli And The King
7/15/12,2012,29,238642,238642,1035828,0.2304,31.95,197,7470,10952,8,0.682,0,Fela 
4/18/10,2010,16,703724,703724,669250,1.0515,111.03,325,6338,6474,6,0.979,0,Fences
3/26/06,2006,13,201085,201085,410680,0.4896,51.36,96.25,3915,5045,5,0.776,0,Festen
1/1/17,2017,1,1848030,978919,1681247,1.0992,122.38,225,15101,15363,9,0.983,0.16,Fiddler On The Roof
1/3/16,2016,1,1477505,448260,1897714,0.7786,115.7,225,12770,13536,9,0.943,0.056,Finding Neverland
1/3/10,2010,1,720849,140594,1379228,0.5226,71.25,250,10117,13608,8,0.743,0.217,Finian S Rainbow
1/5/14,2014,1,563371,48820,866257,0.6504,75.71,223,7441,8552,8,0.87,0.1,First Date
2/8/15,2015,6,993940,993940,876585,1.1339,130.95,423,7590,7511,7,1.011,0,Fish In The Dark
10/19/86,1986,42,150000,150000,0,,0,0,5000,0,8,0,0,Flamenco Puro
1/5/03,2003,1,420041,-183930,837440,0.5016,68.03,240,6174,9712,8,0.636,-0.144,Flower Drum Song
1/1/12,2012,1,845250,845250,1563200,0.5407,110.43,225,7654,12896,8,0.594,0,Follies
9/20/15,2015,38,177278,177278,495620,0.3577,56.19,0,3155,3834,6,0.823,0,Fool For Love
1/3/99,1999,1,385125,61528,387288,0.9944,47.72,70,8070,8320,8,0.97,0.094,Fool Moon
1/2/00,2000,1,476210,187217,680000,0.7003,56.2,80,8474,10784,8,0.786,0.252,Footloose
7/14/13,2013,28,300253,300253,884970,0.3393,48.96,199,6133,7424,8,0.826,0,Forever Tango
3/10/02,2002,10,99505,99505,258278,0.3853,39.38,76.25,2527,4036,4,0.626,0,Fortune S Fool
1/7/01,2001,1,355579,-219274,668100,0.5322,44.96,85,7908,9128,8,0.866,0.017,Fosse
2/23/92,1992,8,30005,30005,0,,0,0,1930,0,2,0,0,Four Baboons Adoring
1/5/03,2003,1,133280,-394994,367905,0.3623,36.53,86.25,3649,6090,6,0.599,-0.346,Frankie And Johnny In The Claire De Lune
10/23/16,2016,43,580289,-189893,620784,0.9348,138.99,250,4175,4512,3,0.925,0.025,Frankie Valli And The Four Seasons On Broadway
1/25/98,1998,4,123996,123996,174571,0.7103,21.13,35,5868,7581,7,0.774,0,Freak
4/1/07,2007,13,52085,52085,88388,0.5893,53.64,201.25,971,1095,1,0.887,0,Frost Nixon
2/25/18,2018,8,926840,926840,945938,0.9798,137.43,297,6744,6720,4,1.004,0,Frozen
4/3/16,2016,14,210547,210547,451816,0.466,74.95,250,2809,3656,4,0.768,0,Fully Committed
1/3/16,2016,1,717261,35867,794880,0.9024,127.13,280,5642,5920,8,0.953,0.057,Fun Home
9/24/95,1995,39,28854,28854,108600,0.2657,0,50,1214,2172,3,0.559,0,Garden District
1/2/05,2005,1,311520,106178,539964,0.5769,53.3,85,5845,7512,8,0.778,0.229,Gem Of The Ocean
4/2/95,1995,14,107358,107358,0,,0,0,3853,0,8,0,0,Gentlemen Prefer Blondes
4/22/01,2001,16,75145,75145,316410,0.2375,35.9,66.25,2093,4776,8,0.438,0,George Gershwin Alone
7/22/18,2018,29,229555,229555,588650,0.39,46.52,197.5,4935,5730,6,0.861,0,Gettinthe Band Back Together
10/11/98,1998,41,69108,69108,164360,0.4205,27.48,35,2515,4696,8,0.536,0,Getting And Spending
2/25/96,1996,8,226155,226155,0,,31.53,55,7173,0,6,0,0,Getting Away With Murder
6/9/91,1991,23,28911,28911,0,,0,0,1983,0,4,0,0,Getting Married
4/9/89,1989,15,8872,8872,0,,0,0,592,0,2,0,0,Ghetto
2/27/11,2011,9,384100,384100,535380,0.7174,79.11,200,4855,5532,6,0.878,0,Ghetto Klown
3/18/12,2012,12,381746,381746,614368,0.6214,77.1,200,4951,5792,4,0.855,0,Ghost
3/22/15,2015,12,331484,331484,690800,0.4799,77.25,198,4291,5424,4,0.791,0,Gigi
1/6/13,2013,1,687771,-541096,755545,0.9103,143.52,350,4792,5350,5,0.896,-0.111,Glengarry Glen Ross
4/27/08,2008,17,51094,51094,522600,0.0978,22.23,201.5,2298,5360,8,0.429,0,Glory Days
1/3/10,2010,1,571122,77259,922590,0.619,86.52,250,6601,8624,8,0.765,0.074,God Of Carnage
11/10/96,1996,45,28729,28729,0,,21.72,45,1323,4620,5,0.286,0,God Said  Ha 
1/1/12,2012,1,602351,602351,893025,0.6745,102.83,199,5858,6615,9,0.886,0,Godspell
1/2/05,2005,1,217744,79299,449403,0.4845,56.22,81.25,3873,4712,8,0.822,0.271,Golda S Balcony
1/6/13,2013,1,329636,-66788,796690,0.4138,67.49,125,4884,7776,8,0.628,-0.072,Golden Boy
3/29/98,1998,13,105108,105108,354220,0.2967,23.22,50,4526,8688,8,0.521,0,Golden Child
2/13/11,2011,7,265719,265719,564744,0.4705,56.91,116,4669,5200,8,0.898,0,Good People
3/11/12,2012,11,614511,614511,1023080,0.6006,90.57,225,6785,8512,8,0.797,0,Gore Vidal S The Best Man
1/6/13,2013,1,418788,-26259,916965,0.4567,72.44,197,5781,8584,8,0.673,0.088,Grace
1/5/92,1992,1,342497,-74723,0,,0,0,8167,0,8,0,0,Grand Hotel
1/2/94,1994,1,39046,757,0,,0,0,2128,0,2,0,0,Gray S Anatomy
1/4/09,2009,1,768163,-59362,819597,0.9372,88.84,300,8647,8672,8,0.997,0.044,Grease
1/7/07,2007,1,389439,-189669,684864,0.5686,77.1,251.25,5051,7376,8,0.685,-0.21,Grey Gardens
3/31/85,1985,13,158518,158518,0,,0,0,7195,0,8,0,0,Grind
3/19/17,2017,12,213236,213236,328073,0.65,90.74,199,2350,2456,2,0.957,0,Groundhog Day
2/8/09,2009,6,373631,373631,603548,0.6191,65.33,275,5719,5940,5,0.963,0,Guys And Dolls
1/4/09,2009,1,767827,74883,1243548,0.6174,62.07,250,12371,13656,8,0.906,0.155,Gypsy 2008_2009
1/3/93,1993,1,119495,47543,0,,0,0,4192,0,8,0,0,Gypsy Passion
7/10/11,2011,28,332581,-379427,1202154,0.2767,48.05,197,6921,13896,8,0.498,-0.355,Hair
1/4/09,2009,1,921534,118317,1061843,0.8679,80.58,240,11436,11560,8,0.989,0.087,Hairspray
1/7/18,2018,1,3132598,-722276,2895648,1.0818,291.24,849,10756,10568,8,1.018,0,Hamilton
1/3/16,2016,1,425669,137556,627360,0.6785,72.94,223,5836,6176,8,0.945,0.311,Hand To God
2/24/13,2013,8,53229,53229,133996,0.3972,57.86,197,920,1039,1,0.885,0,Hands On A Hardbody
1/13/85,1985,2,44418,44418,0,,0,0,2617,0,5,0,0,Harrigan  N Hart
7/18/10,2010,29,757620,757620,682420,1.1102,131.51,250,5761,5776,4,0.997,0,Harry Connick Jr 
3/25/18,2018,12,1541957,1541957,1390428,1.109,158.44,286.5,9732,9732,6,1,0,Harry Potter And The Cursed Childparts One And Two
5/20/12,2012,21,305770,305770,513825,0.5951,65.09,122,4698,5020,5,0.936,0,Harvey
3/19/95,1995,12,49791,49791,142446,0.3495,0,0,2105,3905,5,0.539,0,Having Our Say
1/5/86,1986,1,146089,-1174,0,,0,0,5660,0,8,0,0,Hay Fever
6/24/18,2018,25,68044,68044,104980,0.6482,74.94,258,908,963,1,0.943,0,Head Over Heels
9/17/06,2006,38,146539,146539,222577,0.6584,45.33,86.25,3233,3700,5,0.874,0,Heartbreak House
6/12/94,1994,24,78266,78266,0,,0,0,2689,0,6,0,0,Hedda Gabler 1994
1/4/15,2015,1,777340,43947,738813,1.0521,115.73,248,6717,7049,7,0.953,0.031,Hedwig And The Angry Inch
9/25/16,2016,39,267064,267064,623602,0.4283,63.97,150,4175,4634,7,0.901,0,Heisenberg
1/7/96,1996,1,311807,-222766,0,,45.14,67.5,6908,0,8,0,0,Hello Dolly 
1/7/18,2018,1,2206170,-258403,1830076,1.2055,190.09,996,11606,11568,8,1.003,-0.008,Hellodolly 
1/4/04,2004,1,599860,130706,604205,0.9928,82.27,85,7291,7329,7,0.995,0.004,Henry Iv
3/27/11,2011,13,58791,58791,268320,0.2191,30.51,250,1927,3120,4,0.618,0,High
11/26/06,2006,48,308396,308396,981493,0.3142,56.71,251.25,5438,11480,8,0.474,0,High Fidelity
4/5/98,1998,14,316703,316703,613895,0.5159,35.04,60,9039,13080,8,0.691,0,High Society
2/12/89,1989,7,24485,24485,0,,0,0,1536,0,3,0,0,Hizzoner
1/7/96,1996,1,57059,-83754,0,,22.66,50,2518,0,8,0,0,Holiday
1/1/17,2017,1,765648,144253,1029184,0.7439,98.55,167,7769,7984,8,0.973,0.152,Holiday Inn
6/8/14,2014,23,148964,148964,784072,0.19,24.1,173,6182,7616,7,0.812,0,Holler If Ya Hear Me
1/5/03,2003,1,98924,-12243,544994,0.1815,41.92,86.25,2360,8568,8,0.275,-0.007,Hollywood Arms
11/19/17,2017,47,51300,51300,930760,0.0551,14.71,396.5,3487,6140,5,0.568,0,Home For The Holidays
1/6/85,1985,1,52816,12780,0,,0,0,3175,0,8,0,0,Home Front
1/4/15,2015,1,409674,10363,1127546,0.3633,53.5,223,7657,9256,8,0.827,0.074,Honeymoon In Vegas
7/27/86,1986,30,12271,12271,0,,0,0,310,0,4,0,0,Honky Tonk Nights
4/5/98,1998,14,49909,49909,168905,0.2955,22.63,60,2205,4040,4,0.546,0,Honour
4/23/06,2006,17,202033,202033,801800,0.252,44.53,101.25,4537,9065,5,0.5,0,Hot Feet
1/4/87,1987,1,165834,16901,0,,0,0,6799,0,8,0,0,House Of Blue Leaves
1/1/12,2012,1,1910224,1910224,1898820,1.006,148.14,452,12895,12816,9,1.006,0,How To Succeed In Business Without Really Trying
1/1/12,2012,1,2056957,2056957,1582803,1.2996,190.65,350,10789,10584,9,1.019,0,Hugh Jackman Back On Broadway
2/14/16,2016,7,330298,330298,678514,0.4868,63.52,198,5200,5404,7,0.962,0,Hughie
1/6/85,1985,1,152766,-99509,0,,0,0,4795,0,7,0,0,Hurlyburly
1/4/04,2004,1,198140,-6411,397577,0.4984,47.42,85,4178,5632,8,0.742,0.03,I Am My Own Wife
3/24/91,1991,12,82022,82022,0,,0,0,4943,0,8,0,0,I Hate Hamlet
4/7/13,2013,14,313705,313705,305610,1.0265,133.78,298,2345,2346,3,1,0,I Ll Eat You Lasta Chat With Sue Mengers
7/14/02,2002,28,35660,35660,208395,0.1711,30.9,76.25,1154,3156,4,0.366,0,I M Not Rappaport
1/3/99,1999,1,186027,90021,209619,0.8875,47.17,75,3944,4686,6,0.842,0.402,I M Still Here   Damn It 
6/26/94,1994,26,192571,192571,0,,0,0,3794,0,5,0,0,Ian Mckellanknightout
9/22/85,1985,38,45466,45466,0,,0,0,2838,0,2,0,0,Iceman Cometh
7/22/01,2001,29,119044,119044,434440,0.274,35.4,66.25,3363,8648,8,0.389,0,If You Ever Leave Me I M Going With You
1/4/15,2015,1,898321,62523,1290160,0.6963,95.61,223,9396,10488,8,0.896,0.056,If Then
11/17/13,2013,46,1308223,1308223,1315320,0.9946,141.57,300,9241,9672,6,0.955,0,Il Divo A Musical Affair
1/5/03,2003,1,159560,-96616,623725,0.2558,61.44,91.25,2597,8440,8,0.308,-0.146,Imaginary Friends
3/1/09,2009,9,59699,59699,102518,0.5823,73.79,300,809,1071,1,0.755,0,Impressionism
10/2/05,2005,40,88732,88732,346743,0.2559,45.41,101.25,1954,4036,4,0.484,0,In My Life
1/2/11,2011,1,1050924,365092,1159600,0.9063,101.48,300,10356,10752,8,0.963,0.185,In The Heights
1/3/10,2010,1,253434,85884,588120,0.4309,52.75,95,4804,7192,8,0.668,0.163,In The Next Room Or The Vibrator Play
7/11/93,1993,28,60310,60310,0,,0,0,4001,0,5,0,0,In The Summer House
1/1/17,2017,1,477431,243047,825804,0.5781,85.3,249,5211,5922,9,0.88,0.14,In Transit
4/9/17,2017,15,166512,166512,763987,0.218,38.08,197,4373,7511,7,0.582,0,Indecent
4/9/95,1995,15,211170,211170,0,,0,0,6117,0,8,0,0,Indiscretions
3/25/07,2007,12,355133,355133,460026,0.772,73.66,251.25,4821,6538,7,0.737,0,Inherit The Wind
10/12/86,1986,41,23173,23173,0,,0,0,1436,0,3,0,0,Into The Light
4/14/02,2002,15,102278,102278,192069,0.5325,81.43,100,1256,2270,2,0.553,0,Into The Woods
3/15/09,2009,11,185991,185991,603763,0.3081,45.44,150,4093,7576,8,0.54,0,Irena S Vow
1/3/10,2010,1,759048,759048,1331155,0.5702,82.29,300,9224,11305,7,0.816,0,Irving Berlin S White Christmas
1/6/08,2008,1,216570,-33839,544723,0.3976,47.42,226.5,4567,7376,8,0.619,0.101,Is He Dead 
1/2/00,2000,1,148441,56457,467186,0.3177,47.59,75,3119,7700,7,0.405,0.179,It Ain T Nothinbut The Blues
3/22/15,2015,12,293768,293768,713724,0.4116,57.49,197,5110,5868,6,0.871,0,It Shoulda Been You
1/5/97,1997,1,51077,-1300,0,,25.04,35,2040,2076,2,0.983,-0.002,It S A Slippery Slope
1/4/15,2015,1,1455818,23857,1331566,1.0933,171.68,347,8480,8552,8,0.992,0.004,It S Only A Play
1/4/98,1998,1,362244,73929,385980,0.9385,46.12,55,7855,8808,8,0.892,0.057,Ivanov
4/21/96,1996,16,9784,9784,0,,22.97,40,426,0,2,0,0,Jacka Night On The Town With John Barrymore
10/26/03,2003,43,135331,135331,390412,0.3466,63.57,90,2129,5195,5,0.41,0,Jackie Mason S Laughing Room Only
1/6/91,1991,1,196797,16576,0,,0,0,8246,0,6,0,0,Jackie Mason Brand New
3/13/05,2005,11,143286,143286,281280,0.5094,62.38,81.25,2297,3516,6,0.653,0,Jackie Mason Freshly Squeezed
1/1/95,1995,1,133725,56574,0,,0,0,3965,0,7,0,0,Jackie Mason Politically Incorrect
1/2/00,2000,1,172011,-2403,190394,0.9034,53.64,65,3207,3468,6,0.925,-0.049,Jackie Masonmuch Ado About Everything
1/4/98,1998,1,118384,15218,360741,0.3282,45.05,67.5,2628,8080,8,0.325,0.033,Jackiean American Life
3/15/92,1992,11,184775,184775,0,,0,0,5623,0,5,0,0,Jake S Women
1/2/00,2000,1,276001,93627,451168,0.6117,50.76,75,5437,7968,8,0.682,0.179,James Joyce S The Dead
1/7/01,2001,1,239787,-155128,595548,0.4026,49.98,86,4798,8176,8,0.587,-0.13,Jane Eyre
9/24/06,2006,39,55065,55065,368640,0.1494,47.8,151.25,1152,4728,8,0.244,0,Jay Johnsonthe Two And Only
4/7/13,2013,14,341454,341454,999064,0.3418,75.66,200,4513,7950,5,0.568,0,Jekyll Hyde
1/7/01,2001,1,469454,-101180,550486,0.8528,65.05,85,7217,8512,8,0.848,-0.067,Jekyll And Hyde
1/3/93,1993,1,588598,68203,0,,0,0,9934,0,8,0,0,Jelly S Last Jam
1/19/86,1986,3,53223,53223,0,,0,0,2957,0,6,0,0,Jerome Kern Hollywood
1/7/90,1990,1,503530,-78641,0,,0,0,11060,0,8,0,0,Jerome Robbinsbroadway
8/9/98,1998,32,774652,774652,775402,0.999,70.04,75,11060,11070,10,0.999,0,Jerry Seinfeld
1/5/86,1986,1,168385,-44478,0,,0,0,6910,0,8,0,0,Jerry S Girls
1/1/17,2017,1,1778189,767475,1445553,1.2301,162.38,199,10951,11052,9,0.991,0.14,Jersey Boys
4/3/11,2011,14,90736,90736,233270,0.389,61.56,225,1474,2018,2,0.73,0,Jerusalem
3/4/12,2012,10,370699,370699,484680,0.7648,73.26,145,5060,5484,4,0.923,0,Jesus Christ Superstar
1/1/17,2017,1,141047,141047,325240,0.4337,56.74,140,2486,2600,4,0.956,0,Jitney
3/24/85,1985,12,35397,35397,0,,0,0,3340,0,5,0,0,Joe Egg
3/22/09,2009,12,78336,78336,294228,0.2662,36.02,90,2175,4072,4,0.534,0,Joe Turner S Come And Gone
1/7/18,2018,1,259548,-32065,636080,0.408,49.91,139,5200,5920,8,0.878,-0.043,John Lithgowstories By Heart
1/2/94,1994,1,729604,82492,0,,0,0,12753,0,8,0,0,Joseph And The Amazing Technicolor Dreamcoat
2/11/07,2007,6,80140,80140,367268,0.2182,45.59,201.25,1758,5015,5,0.351,0,Journey S End
1/5/97,1997,1,207382,46296,0,,33.25,45,6237,8304,8,0.751,0.192,Juan Darien
2/18/01,2001,7,135224,135224,308994,0.4376,33.31,75,4060,5475,5,0.742,0,Judgment At Nuremberg
3/13/05,2005,11,545149,545149,639723,0.8522,80.98,101.25,6732,7976,8,0.844,0,Julius Caesar
4/11/04,2004,15,269048,269048,592944,0.4537,42.72,95,6298,7752,8,0.812,0,Jumpers
1/7/18,2018,1,465747,8273,1109640,0.4197,74.02,197,6292,8472,8,0.743,0.019,Junk
6/19/88,1988,25,47393,47393,0,,0,0,2027,0,5,0,0,Juno And The Paycock
1/2/00,2000,1,211530,79035,516678,0.4094,38.69,75,5467,8672,8,0.63,0.224,Kat And The Kings
3/13/11,2011,11,345677,345677,328935,1.0509,113.23,225,3053,3087,3,0.989,0,Kathy Griffin Wants A Tony
8/13/06,2006,33,61633,61633,202170,0.3049,53.64,201.25,1149,2344,4,0.49,0,Kiki And Herbalive On Broadway
1/3/16,2016,1,604833,30845,996792,0.6068,93.37,225,6478,7816,8,0.829,0.019,King Charles Iii
5/18/97,1997,20,282028,282028,452560,0.6232,49.77,75,5667,6864,4,0.826,0,King David
4/15/01,2001,15,205714,205714,455710,0.4514,31.37,56,6558,10072,8,0.651,0,King Hedley Ii
2/15/04,2004,7,211700,211700,363520,0.5824,51.99,90,4072,4188,4,0.972,0,King Lear
1/7/18,2018,1,870142,-656578,1294256,0.6723,99.62,249,8735,11392,8,0.767,-0.169,Kinky Boots
10/7/84,1984,0,26290,26290,0,,0,0,1877,0,5,0,0,Kipling
1/7/01,2001,1,555261,-280713,771039,0.7201,56.53,84,9822,11376,8,0.863,-0.088,Kiss Me Kate
1/1/95,1995,1,555460,214230,0,,0,0,9184,0,8,0,0,Kiss Of The Spider Woman
1/2/11,2011,1,308549,124538,1030547,0.2994,68.83,300,4483,9063,9,0.495,0.087,La Bete
1/5/03,2003,1,1013328,35460,1143153,0.8864,77.44,101.25,13086,13640,8,0.959,-0.003,La Boh Me
1/4/87,1987,1,340869,32602,0,,0,0,10746,0,8,0,0,La Cage Aux Folles Original
3/30/14,2014,13,337951,337951,623450,0.5421,84.36,250,4006,4774,7,0.839,0,Lady Day At Emerson S Bar Grill
4/23/89,1989,17,33955,33955,0,,0,0,2577,0,3,0,0,Largely New York
10/4/87,1987,40,21371,21371,0,,0,0,2135,0,4,0,0,Late Nite Comic
1/7/18,2018,1,497135,-223770,833960,0.5961,84.52,249,5882,7028,7,0.837,-0.139,Latin History For Morons
1/1/06,2006,1,139812,104132,252180,0.5544,41.47,61.25,3371,4712,8,0.715,0.501,Latinologues
1/2/05,2005,1,264181,127187,472581,0.559,56.13,81.25,4707,7434,7,0.633,0.202,Laugh Whore
1/2/94,1994,1,402352,141525,0,,0,0,10293,0,8,0,0,Laughter On The 23Rd Floor
2/24/85,1985,8,71003,71003,0,,0,0,4388,0,5,0,0,Leader Of The Pack
4/8/12,2012,15,190997,190997,1133085,0.1686,25.67,225,7441,8202,6,0.907,0,Leap Of Faith
1/6/08,2008,1,759972,-459516,919903,0.8261,71.7,250,10599,13528,8,0.783,-0.165,Legally Blonde
1/1/89,1989,1,455250,234669,0,,0,0,12414,0,8,0,0,Legs Diamond
3/14/10,2010,11,190491,70432,473065,0.4027,63.2,250,3014,3996,4,0.754,0.754,Lend Me A Tenor
7/10/05,2005,28,305316,305316,502302,0.6078,78.53,101.25,3888,6005,5,0.647,0,Lennon
1/1/17,2017,1,395622,207807,884786,0.4471,85.87,273,4607,6930,9,0.665,0.174,Les Liaisons Dangereuses
1/3/16,2016,1,1245505,105579,1178022,1.0573,111,225,11221,11272,8,0.995,0.06,Les Mis Rables
1/5/03,2003,1,854775,20091,894755,0.9553,76.96,100,11107,11336,8,0.98,0.024,Les Mis Rables Original
3/26/06,2006,13,113807,113807,123487,0.9216,72.44,110,1571,1629,1,0.964,0,Lestat
7/21/13,2013,29,399319,399319,1300510,0.307,41.9,199,9530,13464,8,0.708,0,Let It Be
3/18/90,1990,11,247264,247264,0,,0,0,7147,0,8,0,0,Lettice And Lovage
3/16/03,2003,11,269050,269050,426160,0.6313,54.11,80,4972,5411,7,0.919,0,Life X 3
1/12/86,1986,2,20218,20218,0,,0,0,1225,0,2,0,0,Lillian
1/3/99,1999,1,261673,48292,299400,0.874,70.13,75,3731,3992,8,0.935,0.074,Little Me
1/4/04,2004,1,684636,-2780,832878,0.822,75.19,240,9105,9680,8,0.941,0.063,Little Shop Of Horrors
1/2/05,2005,1,643649,227317,949682,0.6778,72.49,99,8879,10998,9,0.807,0.074,Little Women
4/5/15,2015,14,126172,126172,482780,0.2613,31.73,275,3977,5365,5,0.741,0,Living On Love
1/4/09,2009,1,587196,-85580,652520,0.8999,94.59,250,6208,6796,4,0.913,0.118,Liza S At The Palace
3/4/18,2018,9,261326,261326,478722,0.5459,83.09,299,3145,3486,6,0.902,0,Lobby Hero
1/2/11,2011,1,390654,162072,726800,0.5375,75.93,200,5145,6320,8,0.814,0.223,Lombardi
4/20/97,1997,16,86522,86522,0,,36.49,55,2371,2994,6,0.792,0,London Assurance
4/27/86,1986,17,75297,75297,0,,0,0,3928,0,6,0,0,Long Day S Journey
4/3/16,2016,14,66284,66284,83270,0.796,94.69,144,700,740,1,0.946,0,Long Day S Journey Into Night
2/21/10,2010,8,94462,94462,323532,0.292,43.13,225,2190,3664,4,0.598,0,Looped
4/6/86,1986,14,36585,36585,0,,0,0,2204,0,5,0,0,Loot
1/3/16,2016,1,870337,372422,1694038,0.5138,74.07,225,11750,17064,9,0.689,0.239,Lord Of The Dancedangerous Games
9/24/06,2006,39,101064,101064,254192,0.3976,45.1,86.25,2241,3250,5,0.69,0,Losing Louie
1/3/93,1993,1,306474,129401,0,,0,0,10197,0,8,0,0,Lost In Yonkers
5/1/05,2005,18,32701,32701,60450,0.541,38.34,60,853,1041,1,0.819,0,Love Life
9/14/14,2014,37,54749,54749,230640,0.2374,39.82,250,1375,2136,2,0.644,0,Love Letters
1/5/97,1997,1,124771,8750,0,,31.88,49.5,3914,4686,6,0.835,0.039,Love Thy Neighbor
1/22/95,1995,4,122557,122557,0,,0,0,3635,0,4,0,0,Lovevalourcompassion 
4/15/07,2007,15,128930,128930,302780,0.4258,59.61,101.25,2163,3095,5,0.699,0,Lovemusik
2/24/85,1985,8,28119,28119,0,,0,0,1764,0,5,0,0,Loves Of Anatol
3/31/91,1991,13,8376,8376,0,,0,0,315,0,2,0,0,Lucifer S Child
3/3/13,2013,9,367156,367156,294360,1.2473,153.17,348,2397,2356,2,1.017,0,Lucky Guy
1/1/12,2012,1,326500,326500,954855,0.3419,61.22,199,5333,8505,9,0.627,0,Lysistrata Jones
10/8/17,2017,41,199627,199627,242538,0.8231,98.78,225,2021,2114,2,0.956,0,Mbutterfly
1/26/03,2003,4,120748,120748,372588,0.3241,51.03,81.25,2366,5370,5,0.441,0,Ma Rainey S Black Bottom
1/5/14,2014,1,362880,-22060,1138950,0.3186,65.76,145,5518,8376,8,0.659,-0.027,Macbeth
1/5/14,2014,1,126078,14452,582015,0.2166,39.7,127,3176,5089,7,0.624,-0.011,Machinal
3/25/12,2012,13,127931,127931,763980,0.1675,35.1,220,3645,7539,7,0.483,0,Magic Bird
4/3/88,1988,14,44435,44435,0,,0,0,2673,0,8,0,0,Mail
6/17/01,2001,24,117411,117411,218714,0.5368,44.8,65,2621,3700,5,0.708,0,Major Barbara
1/4/15,2015,1,1002625,37919,1121208,0.8942,110.15,225,9102,9328,8,0.976,0.037,Mamma Mia 
9/11/11,2011,37,98634,98634,400965,0.246,43.92,117,2246,3640,5,0.617,0,Man And Boy
1/5/03,2003,1,663414,-313441,823746,0.8054,73.35,240,9044,9954,7,0.909,-0.025,Man Of La Mancha
3/2/97,1997,9,76833,76833,0,,44.49,60,1727,1848,2,0.935,0,Mandy Patinkin
10/18/98,1998,42,152879,152879,314701,0.4858,39.54,55,3866,7189,7,0.538,0,Mandy Patinkin In Concertmamaloshen
7/30/89,1989,31,64404,64404,0,,0,0,2136,0,7,0,0,Mandy Patinkindress Casual
1/20/13,2013,3,447956,447956,505828,0.8856,155.22,700,2886,3262,2,0.885,0,Manilow On Broadway
5/23/04,2004,21,1037,1037,35738,0.029,43.2,56.25,24,712,1,0.034,0,Marc Salem S Mind Games
1/2/00,2000,1,301076,86967,519890,0.5791,50.47,75,5965,7476,7,0.798,0.201,Marie Christine
6/12/05,2005,24,146176,146176,433725,0.337,31.12,85,4697,6354,6,0.739,0,Mark Twain Tonight
4/4/99,1999,14,156789,156789,378282,0.4145,28.98,60,5410,8632,8,0.627,0,Marlene
9/22/85,1985,38,9840,9840,0,,0,0,1204,0,3,0,0,Marriage Of Figaro
1/7/07,2007,1,621946,-105333,845885,0.7353,84,201.25,7404,8200,8,0.903,0.007,Martin Shortfame Becomes Me
6/11/17,2017,24,113033,113033,343692,0.3289,50.66,149,2231,2936,4,0.76,0,Marvin S Room
1/6/13,2013,1,1028946,-458306,1361916,0.7555,79.79,179,12896,14376,8,0.897,-0.081,Mary Poppins
4/5/09,2009,14,146353,146353,689649,0.2122,45.66,225,3205,8064,7,0.397,0,Mary Stuart
6/19/11,2011,25,179263,179263,564744,0.3174,51.04,116,3512,5200,8,0.675,0,Master Class
5/11/03,2003,19,148824,148824,544547,0.2733,39.08,76.25,3808,8624,8,0.442,0,Master Harold And The Boys
9/24/89,1989,39,28032,28032,0,,0,0,1619,0,4,0,0,Mastergate
3/14/04,2004,11,73635,73635,150857,0.4881,50.16,81.25,1468,2158,2,0.68,0,Match
1/1/17,2017,1,1902189,878785,1338930,1.4207,146.77,250,12960,12888,9,1.006,0.025,Matilda
10/15/00,2000,42,26991,26991,61340,0.44,36.77,60,734,1067,1,0.688,0,Matters Of The Heart
9/16/07,2007,37,113423,113423,279900,0.4052,52.58,91.5,2157,3250,5,0.664,0,Mauritius
1/1/89,1989,1,547693,210211,0,,0,0,12678,0,8,0,0,Me And My Girl
3/18/18,2018,11,1320146,1320146,1253369,1.0533,153.95,299.5,8575,8575,7,1,0,Mean Girls
1/5/03,2003,1,207942,12177,563058,0.3693,53.25,80,3905,8368,8,0.467,-0.06,Medea
1/7/90,1990,1,282561,-248649,0,,0,0,7450,0,8,0,0,Meet Me In Stlouis
1/1/12,2012,1,1111202,1111202,1369935,0.8111,91.56,250,12136,13230,9,0.917,0,Memphis
2/2/97,1997,5,358316,358316,0,,31.61,55,11336,13426,7,0.844,0,Men Are From Mars Women Are From Venus
1/5/03,2003,1,172460,-81739,341917,0.5044,51.51,75,3348,5200,8,0.644,-0.199,Metamorphoses
3/5/89,1989,10,165754,165754,0,,0,0,5011,0,5,0,0,Metamorphosis
1/7/18,2018,1,709510,-403045,841722,0.8429,140.27,348,5058,5418,7,0.934,-0.069,Meteor Shower
3/29/92,1992,13,55502,55502,0,,0,0,3275,0,5,0,0,Metro
4/24/88,1988,17,160157,160157,0,,0,0,4965,0,8,0,0,Michael Feinstein In Concert
10/9/88,1988,41,109903,109903,0,,0,0,3496,0,7,0,0,Michael Feinsteinisn T It Romantic
10/7/90,1990,40,126946,126946,0,,0,0,4209,0,8,0,0,Michael Feinsteinpiano And Voice
8/5/12,2012,32,624496,624496,800142,0.7805,120.49,298,5183,6462,6,0.802,0,Mike Tysonundisputed Truth
1/2/11,2011,1,605169,234297,1203101,0.503,81.79,250,7399,10926,9,0.677,0.162,Million Dollar Quartet
1/2/00,2000,1,630503,209827,939147,0.6714,85.85,125,7344,10458,6,0.702,0.169,Minnelli On Minnelli
1/3/16,2016,1,817415,244565,1247672,0.6552,120.1,297,6806,9408,8,0.723,0.135,Misery
2/11/90,1990,6,19457,19457,0,,0,0,2662,0,6,0,0,Miss Margarida S Way
1/7/18,2018,1,1057337,-393892,1387994,0.7618,87.34,248,12106,13896,8,0.871,0.021,Miss Saigon
10/3/93,1993,40,74065,74065,0,,0,0,5136,0,8,0,0,Mixed Emotions
6/10/84,1984,0,62406,62406,0,,0,0,3928,0,7,0,0,Moon For Misbegotten
1/7/96,1996,1,221610,-276113,0,,36.34,60,6098,0,8,0,0,Moon Over Buffalo
1/2/00,2000,1,35201,13127,44245,0.7956,37.29,45,944,1068,1,0.884,0.321,Morning Noon And Night
3/31/02,2002,13,39268,39268,192826,0.2036,28.79,66.25,1364,3696,4,0.369,0,Morning S At Seven
10/11/87,1987,41,42499,42499,0,,0,0,6528,0,6,0,0,Mort Sahl On Broadway
11/10/91,1991,45,121174,121174,0,,0,0,5150,0,8,0,0,Moscow Circus
2/23/14,2014,8,29638,29638,99702,0.2973,61.11,225,485,802,1,0.605,0,Mothers And Sons
7/17/16,2016,29,424198,-875142,1158560,0.3661,63.79,275,6650,9344,8,0.712,-0.187,Motown The Musical
1/2/05,2005,1,1003096,347193,927234,1.0818,87.56,240,11456,11898,9,0.963,0.082,Movinout
9/5/10,2010,36,134547,134547,407625,0.3301,41.66,117,3230,3700,5,0.873,0,Mrswarren S Profession
1/20/91,1991,3,10057,10057,0,,0,0,724,0,1,0,0,Mule Bone
6/22/86,1986,25,10000,10000,0,,0,0,1200,0,8,0,0,Mummenschanz
3/18/18,2018,11,526130,526130,655300,0.8029,123.04,297,4276,4276,4,1,0,My Fair Lady
1/3/93,1993,1,206132,45008,0,,0,0,7327,0,8,0,0,My Favorite Year
11/6/16,2016,45,851694,851694,1092204,0.7798,106.96,247,7963,9024,6,0.882,0,My Love Letter To Broadway
1/6/85,1985,1,229149,-153098,0,,0,0,8270,0,8,0,0,My One And Only
4/23/95,1995,17,45863,45863,0,,0,0,2822,0,4,0,0,My Thing Of Love
1/1/17,2017,1,1371950,174838,966384,1.4197,156.87,267,8746,9104,8,0.961,-0.019,Natashapierre The Great Comet Of 1812
1/3/88,1988,1,102052,30907,0,,0,0,4127,0,8,0,0,Nerd
1/4/04,2004,1,496208,4235,798446,0.6215,70.48,101.25,7040,9392,8,0.75,0.075,Never Gonna Dance
10/20/85,1985,42,7500,7500,0,,0,0,175,0,3,0,0,News
1/5/14,2014,1,934998,-343047,1152010,0.8116,100.49,199,9304,9480,8,0.981,-0.028,Newsies
2/21/10,2010,8,102609,102609,454300,0.2259,31.88,200,3219,4123,7,0.781,0,Next Fall
1/2/11,2011,1,434859,122813,602380,0.7219,73.2,200,5941,6176,8,0.962,0.166,Next To Normal
1/6/13,2013,1,796705,-468441,1393205,0.5719,90.75,248.5,8779,11512,8,0.763,-0.104,Nice Work If You Can Get It
8/24/86,1986,34,202574,202574,0,,0,0,2997,0,4,0,0,Nicholas Nickleby
10/13/91,1991,41,423408,423408,0,,0,0,12457,0,8,0,0,Nick And Nora
2/7/99,1999,6,113381,113381,304966,0.3718,28.06,60,4041,7264,8,0.556,0,Night Must Fall
1/9/94,1994,2,41120,41120,0,,0,0,1311,0,3,0,0,No Man S Land
1/5/14,2014,1,786972,-124934,890423,0.8838,97.94,243,8035,8584,8,0.936,-0.052,No Man S Land Waiting For Godot
1/3/16,2016,1,438491,152809,652720,0.6718,78.95,139,5554,5920,8,0.938,0.126,Noises Off
2/14/99,1999,7,32239,32239,65808,0.4899,38.94,65,828,1122,2,0.738,0,Not About Nightingales
1/6/08,2008,1,362138,-42270,687133,0.527,58.55,251.5,6185,8464,8,0.731,0.082,November
3/20/88,1988,12,64882,64882,0,,0,0,4737,0,8,0,0,Oba Oba
3/3/85,1985,9,32933,32933,0,,0,0,2795,0,8,0,0,Octette Bridge Club
3/23/14,2014,12,688832,688832,712114,0.9673,111.95,223,6153,6438,6,0.956,0,Of Mice And Men
1/1/89,1989,1,73845,47208,0,,0,0,4422,0,10,0,0,Oh Calcutta 
1/4/87,1987,1,20000,0,0,,0,0,1800,0,8,0,0,Oh Coward
1/6/91,1991,1,153555,-126428,0,,0,0,4317,0,8,0,0,Oh Kay 
1/1/17,2017,1,911602,368446,840573,1.0845,111.89,248,8147,8199,9,0.994,0.114,Ohhello On Broadway
1/5/03,2003,1,532954,-319360,1013585,0.5258,66.66,95,7995,13368,8,0.598,-0.205,Oklahoma 
6/3/07,2007,22,81531,81531,195496,0.417,43.9,86.25,1857,2960,4,0.627,0,Old Acquaintance
9/20/15,2015,38,233302,233302,393550,0.5928,73.48,0,3175,3700,5,0.858,0,Old Times
11/2/03,2003,44,46734,46734,173256,0.2697,34.88,50,1340,4376,4,0.306,0,Oldest Living Confederate Widow Tells All
10/4/09,2009,40,283245,283245,692560,0.409,54.63,200,5185,6320,8,0.82,0,Oleanna
1/1/12,2012,1,716511,716511,1545426,0.4636,77.69,302,9223,12303,9,0.75,0,On A Clear Day You Can See Forever
1/5/92,1992,1,89963,-726,0,,0,0,3668,0,7,0,0,On Borrowed Time
3/27/05,2005,13,179011,179011,589041,0.3039,50.23,91.25,3564,8536,8,0.418,0,On Golden Pond
1/4/15,2015,1,968359,-100111,1790076,0.541,86.41,246.5,11207,14992,8,0.748,0.051,On The Town
2/15/15,2015,7,228661,228661,401500,0.5695,80.04,0,2857,2960,4,0.965,0,On The Twentieth Century
4/23/95,1995,17,132652,132652,0,,0,0,6950,0,8,0,0,On The Waterfront
1/1/17,2017,1,1304175,850196,1746396,0.7468,99.27,199,13137,14634,9,0.898,0.469,On Your Feet 
1/4/15,2015,1,967968,74474,923678,1.0479,112.45,197.5,8608,8472,8,1.016,0.01,Once
1/7/18,2018,1,590064,-237826,792176,0.7449,114.98,249.5,5132,5568,8,0.922,-0.045,Once On This Island
1/5/97,1997,1,439469,-57556,0,,50.78,75,8655,9144,8,0.947,0.03,Once Upon A Mattress
3/18/01,2001,11,148555,148555,267304,0.5558,57.51,76.25,2583,3198,3,0.808,0,One Flew Over The Cuckoo S Nest
4/8/12,2012,15,262614,262614,446220,0.5885,71.83,195,3656,3900,4,0.937,0,One Mantwo Guvnors
2/24/02,2002,8,65886,65886,328892,0.2003,38.58,76.25,1708,5475,5,0.312,0,One Motime
3/31/13,2013,13,659391,659391,1025750,0.6428,81.76,225,8065,8568,8,0.941,0,Orphans
9/17/89,1989,38,202501,202501,0,,0,0,7459,0,6,0,0,Orpheus Descending
3/26/17,2017,13,296597,296597,505980,0.5862,84.02,197,3530,4188,4,0.843,0,Oslo
1/1/12,2012,1,557906,557906,673440,0.8284,101.6,115,5491,6088,8,0.902,0,Other Desert Cities
4/21/91,1991,16,20049,20049,0,,0,0,3244,0,4,0,0,Our Country S Good
1/3/16,2016,1,113194,113194,471020,0.2403,43.69,140,2591,3900,6,0.664,0,Our Mother S Brief Affair
1/5/03,2003,1,382272,8186,367905,1.0391,70.08,250,5455,5411,7,1.008,0.006,Our Town
1/5/14,2014,1,116334,116334,296000,0.393,55.98,125,2078,2600,4,0.799,0,Outside Mullingar
1/2/05,2005,1,383017,108082,453440,0.8447,56.65,91.25,6761,7384,8,0.916,0.125,Pacific Overtures
2/10/85,1985,6,62955,62955,0,,0,0,4174,0,5,0,0,Pack Of Lies
1/4/09,2009,1,402251,15580,798194,0.504,54.87,136.5,7331,8032,8,0.913,0.05,Pal Joey
1/3/99,1999,1,325996,55320,450009,0.7244,50.72,100,6428,8720,8,0.737,0.108,Parade
1/1/17,2017,1,1908019,807247,1805456,1.0568,126.15,199,15125,15168,8,0.997,0.297,Paramour
1/5/92,1992,1,108262,-52919,0,,0,0,4538,0,8,0,0,Park Your Car In Harvard Yard
2/10/08,2008,6,55129,55129,265897,0.2073,46.37,201.5,1189,3030,3,0.392,0,Passing Strange
1/1/95,1995,1,373299,245403,0,,0,0,7558,0,8,0,0,Passion
1/18/98,1998,3,507418,507418,519254,0.9772,55.14,64.5,9203,9738,6,0.945,0,Patti Labelle On Broadway
12/24/95,1995,52,108875,74779,0,,30.01,60,3628,0,8,0,0,Paul Robeson
7/12/15,2015,28,1075289,1075289,1723280,0.624,114.64,247,10276,13072,8,0.786,0,Penn Teller On Broadway
1/3/88,1988,1,271910,60627,0,,0,0,9345,0,10,0,0,Penn And Teller
1/6/13,2013,1,519744,-248558,899626,0.5777,79.1,198,6571,8304,8,0.791,-0.147,Peter And The Starcatcher
1/3/99,1999,1,788907,788907,778158,1.0138,61.57,75,12814,12760,8,1.004,0,Peter Pan
8/21/94,1994,34,80679,80679,0,,0,0,2766,0,6,0,0,Philadelphiahere I Come
1/6/13,2013,1,184458,29957,682680,0.2702,46.69,127,3951,5920,8,0.667,0.044,Picnic
1/4/15,2015,1,907253,128535,1050536,0.8636,114.89,225,7897,7920,8,0.997,0.167,Pippin
3/9/97,1997,10,151471,151471,0,,21.33,70,7100,8240,8,0.862,0,Play On 
1/1/12,2012,1,817960,817960,1487280,0.55,117.14,225,6983,10792,8,0.647,0,Porgy And Bess
3/2/86,1986,9,51056,51056,0,,0,0,3727,0,8,0,0,Precious Sons
2/18/07,2007,7,88868,88868,195496,0.4546,43.2,86.25,2057,2960,4,0.695,0,Prelude To A Kiss
3/12/17,2017,11,255521,255521,337953,0.7561,99.46,275,2569,2794,2,0.919,0,Present Laughter
7/22/18,2018,29,328854,328854,341332,0.9634,140.78,275,2336,2336,2,1,0,Pretty Womanthe Musical
7/10/05,2005,28,148966,148966,304557,0.4891,53.09,86.25,2806,4100,4,0.684,0,Primo
8/6/17,2017,32,116285,116285,280128,0.4151,66.11,299,1759,1851,3,0.95,0,Prince Of Broadway
1/1/12,2012,1,1005706,1005706,1902915,0.5285,90.19,200,11151,15201,9,0.734,0,Priscilla Queen Of The Desert
1/1/12,2012,1,445166,445166,1140435,0.3903,71.75,175,6204,8901,9,0.697,0,Private Lives
1/2/11,2011,1,1336579,359305,1826920,0.7316,110.65,250,12079,13976,8,0.864,0.141,Promises Promises
1/5/03,2003,1,291473,16532,527931,0.5521,53.5,76,5448,8316,9,0.655,-0.091,Proof
1/4/98,1998,1,155262,-42544,433543,0.3581,45.99,65,3376,9488,8,0.356,-0.078,Proposals
10/13/02,2002,41,255570,255570,487335,0.5244,59.43,76.25,4300,7707,7,0.558,0,Prune Danish
4/18/04,2004,16,9851,9851,260214,0.0379,32.51,76.25,303,4380,4,0.069,0,Prymate
1/2/00,2000,1,237815,12425,521334,0.4562,60.39,85,3938,7672,7,0.513,0.029,Putting It Together
9/23/07,2007,38,141710,141710,269280,0.5263,53.37,95,2655,2960,4,0.897,0,Pygmalion
2/17/02,2002,7,49861,7368,56005,0.8903,47.49,60,1050,1067,1,0.984,0.024,Qed
9/23/84,1984,0,19607,19607,0,,0,0,1336,0,5,0,0,Quilters
1/15/06,2006,3,119574,119574,189810,0.63,48.23,79,2479,2600,4,0.953,0,Rabbit Hole
1/3/10,2010,1,588110,55309,921568,0.6382,92.78,250,6339,8464,8,0.749,0.08,Race
11/12/95,1995,46,113592,113592,0,,0,45,5798,0,8,0,0,Racing Demon
4/22/07,2007,16,62832,62832,225663,0.2784,36.07,201.25,1742,3246,3,0.537,0,Radio Golf
10/5/86,1986,40,23633,23633,0,,0,0,2075,0,4,0,0,Raggedy Ann
8/10/86,1986,32,184516,184516,0,,0,0,8329,0,7,0,0,Rags
1/3/10,2010,1,743751,127448,1083145,0.6867,79.54,300,9351,9933,7,0.941,0.311,Ragtime
1/2/11,2011,1,1404356,697996,1696090,0.828,94.66,190,14836,15928,11,0.931,0.256,Raina Tribute To The Beatles On Broadway
3/15/09,2009,11,38297,38297,223879,0.1711,37,225,1035,2730,3,0.379,0,Reasons To Be Pretty
9/26/04,2004,39,149256,149256,233909,0.6381,49.8,78,2997,3250,5,0.922,0,Reckless
3/14/10,2010,11,117328,117328,340926,0.3441,41.41,225,2833,3216,4,0.881,0,Red
3/21/93,1993,12,45378,45378,0,,0,0,2550,0,3,0,0,Redwood Curtain
1/1/12,2012,1,456036,456036,1087380,0.4194,50.9,225,8959,9684,9,0.925,0,Relatively Speaking
1/6/08,2008,1,343967,-269593,672857,0.5112,58.13,200,5917,8267,7,0.716,-0.11,Rent
3/3/85,1985,9,31968,31968,0,,0,0,2255,0,4,0,0,Requiem For A Heavyweight
2/12/06,2006,7,247258,247258,650673,0.38,49.34,101.25,5011,7406,7,0.677,0,Ring Of Fire
4/4/99,1999,14,12232,12232,43809,0.2792,26.48,55,462,1010,1,0.457,0,Ring Round The Moon
6/10/84,1984,0,266797,266797,0,,0,0,8393,0,8,0,0,Rink
1/7/01,2001,1,569811,-284855,983840,0.5792,50.79,80,11218,15416,8,0.728,-0.167,Riverdance
1/6/08,2008,1,445912,-27293,733475,0.6079,67.09,226.5,6646,8592,8,0.774,0.093,Rock  Nroll
1/4/15,2015,1,583527,39159,630058,0.9261,128.25,223,4550,4664,8,0.976,0.002,Rock Of Ages
3/25/18,2018,12,813589,813589,1500350,0.5423,66.02,247,12323,14040,8,0.878,0,Rocktopia
2/16/14,2014,7,373672,373672,552567,0.6762,95.69,248,3905,4596,3,0.85,0,Rocky
1/1/89,1989,1,86500,43388,0,,0,0,5000,0,8,0,0,Romance Romance
8/25/13,2013,34,207375,207375,319700,0.6487,86.77,223,2390,2620,2,0.912,0,Romeo And Juliet
4/2/00,2000,14,103822,103822,282840,0.3671,29,60,3580,5544,6,0.646,0,Rose
10/12/86,1986,41,28611,28611,0,,0,0,1736,0,7,0,0,Rowan Atkinson At The Atkinson
1/6/85,1985,1,295507,-16845,0,,0,0,11303,0,8,0,0,Royal Shakespeare Company Cyrano And Much Ado
9/20/87,1987,38,157637,157637,0,,0,0,5960,0,8,0,0,Roza
1/7/90,1990,1,99763,-127988,0,,0,0,3728,0,8,0,0,Rumors
2/26/89,1989,9,56040,56040,0,,0,0,4046,0,6,0,0,Run For Your Wife
10/14/12,2012,42,742860,742860,682740,1.0881,89.3,150,8319,8316,6,1,0,Running On Empty
10/29/95,1995,44,50389,50389,187996,0.268,0,45,2355,5090,5,0.463,0,Sacrilege
3/22/87,1987,12,59461,59461,0,,0,0,3313,0,6,0,0,Safe Sex
4/8/18,2018,14,185752,185752,588917,0.3154,53.18,199,3493,4529,7,0.771,0,Saint Joan
4/17/94,1994,16,59313,59313,0,,0,0,2150,0,7,0,0,Sally Marr And Her Escorts
4/13/03,2003,15,176094,176094,223419,0.7882,62.62,85,2812,3258,3,0.863,0,Salome
1/1/89,1989,1,269757,147139,0,,0,0,8185,0,8,0,0,Sarafina
1/2/00,2000,1,902194,207660,905000,0.9969,74.55,90,12102,13488,8,0.897,0.164,Saturday Night Fever
1/5/03,2003,1,122370,-32484,296500,0.4127,52.88,66.25,2314,4744,8,0.488,-0.068,Say Goodnight Gracie
10/14/12,2012,42,66341,66341,148585,0.4465,55.33,175,1199,1352,1,0.887,0,Scandalous
11/19/95,1995,47,27661,27661,239862,0.1153,0,50,1120,7392,8,0.152,0,School For Scandal
1/7/18,2018,1,1015871,-862986,1445048,0.703,103.35,248,9829,12184,8,0.807,-0.196,School Of Rock
2/9/92,1992,6,19286,19286,0,,0,0,1580,0,4,0,0,Search And Destroy
1/5/86,1986,1,254147,16654,0,,0,0,8724,0,8,0,0,Search For Signs
1/1/06,2006,1,162434,86903,484440,0.3353,48.94,86.25,3319,5816,8,0.571,0.236,Seascape
1/1/12,2012,1,600422,600422,877635,0.6841,102.48,198,5859,7236,9,0.81,0,Seminar
1/8/89,1989,2,5661,5661,0,,0,0,470,0,3,0,0,Senator Joe
1/24/88,1988,4,55764,55764,0,,0,0,2549,0,4,0,0,Serious Money
1/7/01,2001,1,292800,-465986,755427,0.3876,61.22,85,4783,10880,8,0.44,-0.416,Seussical
3/17/96,1996,11,22224,22224,0,,31.75,60,700,0,1,0,0,Seven Guitars
9/15/96,1996,37,74901,74901,0,,21.56,45,3474,4156,4,0.836,0,Sex And Longing
1/6/02,2002,1,347656,-32906,412430,0.8429,50.33,81.25,6908,7518,7,0.919,-0.092,Sexaholix 2001 2002
1/1/95,1995,1,112982,71634,225888,0.5002,0,0,4370,5792,8,0.754,0.385,Shadow Box
1/6/91,1991,1,116689,-37093,0,,0,0,5063,0,8,0,0,Shadowlands
1/2/94,1994,1,124465,77202,0,,0,0,3390,0,8,0,0,Shakespeare For My Father
2/19/12,2012,8,305705,305705,684737,0.4465,62.3,250,4907,6054,6,0.811,0,Shatner S Worldwe Just Live In It
2/21/16,2016,8,227422,227422,449892,0.5055,70.34,149,3233,4032,4,0.802,0,She Loves Me
7/30/89,1989,31,89148,89148,0,,0,0,4592,0,7,0,0,Shenandoah
8/9/87,1987,32,19696,19696,0,,0,0,1114,0,1,0,0,Sherlock S Last Case
4/12/92,1992,15,51741,51741,0,,0,0,3405,0,8,0,0,Shimada
4/23/06,2006,17,130711,130711,237263,0.5509,48.47,80,2697,3250,5,0.83,0,Shining City
2/12/89,1989,7,18136,18136,0,,0,0,971,0,4,0,0,Shirley Valentine
1/6/91,1991,1,175236,-148731,0,,0,0,5246,0,8,0,0,Shogunthe Musical
1/5/97,1997,1,723344,-188932,0,,56.8,75,12735,15344,8,0.83,-0.06,Show Boat
1/3/10,2010,1,1387182,331921,1769120,0.7841,107.79,300,12869,13864,8,0.928,0.146,Shrek The Musical
10/29/89,1989,44,17712,17712,0,,0,0,815,0,4,0,0,Sid Ceasar And Company
1/3/99,1999,1,230127,69551,308686,0.7455,39.3,60,5856,6440,8,0.909,0.295,Side Man
1/4/15,2015,1,810486,222427,1195202,0.6781,78.48,197,10327,10424,8,0.991,0.213,Side Show
5/9/04,2004,19,119032,119032,226053,0.5266,46.94,80,2536,3250,5,0.78,0,Sight Unseen
2/19/17,2017,8,226779,226779,678144,0.3344,47.03,223,4822,5446,7,0.885,0,Significant Other
1/5/86,1986,1,299837,-113829,0,,0,0,9530,0,8,0,0,Singinin The Rain
1/1/12,2012,1,1278299,1278299,1765337,0.7241,93.66,200,13649,15795,9,0.864,0,Sister Act
10/12/03,2003,41,121935,121935,454714,0.2682,34.17,80,3569,8232,8,0.434,0,Six Dance Lessons In Six Weeks
4/9/17,2017,15,198222,198222,532536,0.3722,58.47,197,3390,4208,4,0.806,0,Six Degrees Of Separation
3/28/04,2004,13,92197,92197,508536,0.1813,38.18,80,2415,7512,8,0.321,0,Sixteen Wounded
3/15/15,2015,11,253369,253369,303111,0.8359,105.31,248,2406,2406,3,1,0,Skylight
1/4/09,2009,1,363887,-36741,540468,0.6733,85.62,111.5,4250,5202,9,0.817,-0.052,Slava S Snowshow
4/12/87,1987,15,70548,70548,0,,0,0,5814,0,8,0,0,Sleight Of Hand
3/14/04,2004,11,181434,181434,243173,0.7461,68.47,91.25,2650,3174,3,0.835,0,Sly Fox
1/4/87,1987,1,191869,32749,0,,0,0,6206,0,8,0,0,Smile
1/2/00,2000,1,241431,103727,611820,0.3946,58.16,75,4151,9696,8,0.428,0.161,Smokey Joe S Cafe
3/30/86,1986,13,13442,13442,0,,0,0,1211,0,5,0,0,So Long Lonely Street
1/4/87,1987,1,120795,-4942,0,,0,0,4394,0,8,0,0,Social Security
11/1/92,1992,44,81049,81049,0,,0,0,6339,0,8,0,0,Solitary Confinement
4/29/90,1990,17,38657,38657,0,,0,0,2321,0,6,0,0,Some Americans Abroad
1/3/93,1993,1,174659,53818,0,,0,0,5283,0,8,0,0,Someone Who Ll Watch Over Me
1/1/17,2017,1,1478303,815494,1700520,0.8693,101.72,277,14533,15003,9,0.969,0.285,Something Rotten 
3/21/10,2010,12,169004,169004,316125,0.5346,65.66,126.5,2574,3012,3,0.855,0,Sondheim On Sondheim
1/5/86,1986,1,269677,-22504,0,,0,0,7657,0,8,0,0,Song And Dance
7/21/13,2013,29,109750,109750,464170,0.2364,36.71,200,2990,3490,5,0.857,0,Soul Doctor
1/18/09,2009,3,361036,361036,844526,0.4275,30.54,200,11822,12888,8,0.917,0,Soul Of Shaolin
1/3/10,2010,1,865225,100567,987400,0.8763,111.37,125,7769,8328,8,0.933,0.087,South Pacific
1/1/06,2006,1,149965,100953,424933,0.3529,44.9,86.25,3340,5696,8,0.586,0.386,Souvenir
1/4/09,2009,1,1068658,100095,1165310,0.9171,91.54,250,11674,11528,8,1.013,0.027,Spamalot
1/4/09,2009,1,329979,-59377,799182,0.4129,73.92,250,4464,8464,8,0.527,-0.058,Speed The Plow
1/5/14,2014,1,1782904,-393532,1807688,0.9863,119.7,247,14895,15456,8,0.964,-0.002,Spider Man Turn Off The Dark
10/30/88,1988,44,35771,35771,0,,0,0,2179,0,3,0,0,Spoils Of War
1/7/18,2018,1,971851,-484913,1418894,0.6849,82.94,248,11717,12880,8,0.91,-0.064,Spongebob Squarepants
1/3/16,2016,1,688989,221736,1129050,0.6102,85.94,247,8017,9234,9,0.868,0.086,Spring Awakening
1/14/18,2018,2,2411150,392,2384275,1.0113,508.68,850,4740,4740,5,1,0,Springsteen On Broadway
2/13/00,2000,7,64369,64369,285505,0.2255,27.71,65,2323,4632,8,0.502,0,Squonk
9/30/90,1990,39,13210,13210,0,,0,0,1063,0,8,0,0,Stand Up Tragedy
2/9/97,1997,6,27087,27087,0,,15.84,45,1710,4494,7,0.381,0,Stanley
2/8/87,1987,6,32449,32449,0,,0,0,2601,0,5,0,0,Stardust
1/1/89,1989,1,530917,295301,0,,0,0,13200,0,8,0,0,Starlight Express
3/26/89,1989,13,13625,13625,0,,0,0,612,0,4,0,0,Starmites
3/24/96,1996,12,117048,117048,0,,32.66,75,3584,0,6,0,0,State Fair
3/20/05,2005,12,235965,235965,487668,0.4839,54.23,85,4351,7376,8,0.59,0,Steel Magnolias
3/30/97,1997,13,288470,288470,0,,46.18,75,6246,6765,5,0.923,0,Steel Pier
1/4/87,1987,1,72629,18324,0,,0,0,3499,0,8,0,0,Stepping Out
1/1/12,2012,1,371515,371515,998229,0.3722,53.73,250,6914,9711,9,0.712,0,Stick Fly
3/25/01,2001,12,126654,126654,169537,0.7471,42.69,66.25,2967,3216,4,0.923,0,Stones In His Pockets
7/1/18,2018,26,128458,128458,239361,0.5367,81.05,249,1585,1743,3,0.909,0,Straight White Men
2/17/85,1985,7,90871,90871,0,,0,0,2555,0,4,0,0,Strange Interlude
1/4/98,1998,1,115306,25475,352712,0.3269,21.81,70,5286,9333,9,0.566,-0.118,Street Corner Symphony
4/1/18,2018,13,568993,568993,735184,0.7739,106.2,197,5358,5880,4,0.911,0,Summer
8/18/96,1996,33,41900,41900,0,,33.31,55,1258,1497,3,0.84,0,Summer And Smoke
2/12/17,2017,7,136384,136384,145853,0.9351,142.51,399,957,957,1,1,0,Sunday In The Park With George
2/5/17,2017,6,833694,833694,1219135,0.6838,120.48,297,6920,8395,5,0.824,0,Sunset Boulevard
1/3/10,2010,1,303165,84650,881384,0.344,63.45,250,4778,7928,8,0.603,0.182,Superior Donuts
1/3/99,1999,1,435439,85804,622124,0.6999,51.04,75,8532,10528,8,0.81,0.129,Swan Lake
3/5/17,2017,10,53780,53780,85753,0.6271,89.33,209,602,659,1,0.914,0,Sweat
1/1/06,2006,1,802997,272335,725760,1.1064,92.55,101.25,8676,8832,8,0.982,0.251,Sweeney Todd
1/1/06,2006,1,838097,485971,1130315,0.7415,81.46,101.25,10288,12798,9,0.804,0.242,Sweet Charity
2/24/02,2002,8,82765,82765,116564,0.71,87.77,95,943,1422,1,0.663,0,Sweet Smell Of Success
1/4/87,1987,1,164474,74414,0,,0,0,6550,0,8,0,0,Sweet Sue
1/7/01,2001,1,349305,-232313,782586,0.4463,54.78,80,6377,13680,8,0.466,-0.29,Swing 
1/7/96,1996,1,73837,-180391,0,,27.74,65,2662,0,8,0,0,Swinging On A Star
1/3/16,2016,1,391703,120308,1030210,0.3802,56.36,199,6950,9639,9,0.721,0.036,Sylvia
1/4/04,2004,1,364010,6989,760058,0.4789,66.64,101.25,5462,8744,8,0.625,0.022,Taboo
4/14/85,1985,15,71190,71190,0,,0,0,4320,0,8,0,0,Take Me Along
1/4/04,2004,1,351023,127333,557443,0.6297,55.04,80,6378,8280,9,0.77,0.169,Take Me Out
10/6/96,1996,40,62250,62250,0,,19.39,45,3210,4436,4,0.724,0,Taking Sides
2/3/91,1991,5,33672,33672,0,,0,0,2134,0,4,0,0,Taking Steps
2/18/07,2007,7,166859,166859,480036,0.3476,45.23,251.25,3689,6570,6,0.561,0,Talk Radio
3/26/00,2000,13,152618,152618,278397,0.5482,36.46,65,4186,5455,5,0.767,0,Taller Than A Dwarf
1/2/00,2000,1,243743,88004,954867,0.2553,45.53,75,5353,15464,8,0.346,0.071,Tango Argentino
4/25/93,1993,17,54544,54544,0,,0,0,2365,0,4,0,0,Tango Pasion
1/5/03,2003,1,187505,-15993,372160,0.5038,38.85,66.25,4827,5920,8,0.815,0.001,Tartuffe
1/7/07,2007,1,672317,-385235,890137,0.7553,72.35,201.25,9293,10552,8,0.881,-0.119,Tarzan
1/3/88,1988,1,291099,81416,0,,0,0,8908,0,8,0,0,Teddy And Alice
2/13/11,2011,7,407442,407442,628215,0.6486,85.06,225,4790,5355,5,0.894,0,That Championship Season
1/6/08,2008,1,257836,-126644,456768,0.5645,59.44,175,4338,5472,8,0.793,-0.087,The 25Th Annual Putnam County Spelling Bee
1/3/10,2010,1,295317,38926,558372,0.5289,74.29,225,3975,4712,8,0.844,0.155,The 39 Steps
1/1/12,2012,1,1456119,1456119,1407240,1.0347,121.35,300,11999,12152,8,0.987,0,The Addams Family
4/1/01,2001,13,254883,254883,771436,0.3304,29.05,85,8774,13616,8,0.644,0,The Adventures Of Tom Sawyer
1/4/09,2009,1,72190,72190,226138,0.3192,47.37,95,1524,2600,4,0.586,0,The American Plan
11/18/12,2012,47,379862,379862,778300,0.4881,80.43,197.5,4723,6416,8,0.736,0,The Anarchist
3/31/96,1996,13,23213,23213,0,,18.59,45,1249,0,4,0,0,The Apple Doesn T Fall
1/7/07,2007,1,339680,-110742,656480,0.5174,52.82,111.25,6431,8048,8,0.799,-0.114,The Apple Tree
3/24/13,2013,12,109183,109183,356925,0.3059,44.13,120,2474,3250,5,0.761,0,The Assembled Parties
2/15/15,2015,7,331101,331101,297728,1.1121,153.22,293,2161,2138,2,1.011,0,The Audience
1/7/18,2018,1,1056889,-507758,1038880,1.0173,127.67,247,8278,8312,8,0.996,-0.004,The Band S Visit
1/3/99,1999,1,270117,96570,382019,0.7071,48.71,75,5545,7576,8,0.732,0.24,The Beauty Queen Of Leenane
4/17/94,1994,16,55345,55345,0,,0,0,5331,0,4,0,0,The Best Little Whorehouse Goes Public
3/24/13,2013,12,105646,105646,346075,0.3053,37.74,127,2799,3700,5,0.756,0,The Big Knife
2/24/91,1991,8,62920,62920,0,,0,0,3203,0,5,0,0,The Big Love
7/10/05,2005,28,44132,44132,232716,0.1896,19.49,90,2264,3129,3,0.724,0,The Blonde In The Thunderbird
1/3/99,1999,1,397129,221448,808630,0.4911,46.12,60,8611,8472,8,1.016,0.001,The Blue Room
1/7/18,2018,1,1328785,-754292,1192364,1.1144,153.9,477.5,8634,8528,8,1.012,-0.013,The Book Of Mormon
1/4/04,2004,1,920846,59917,1082803,0.8504,88.05,136.25,10458,11480,8,0.911,0.066,The Boy From Oz
7/28/02,2002,30,193895,193895,378510,0.5123,47.28,90,4101,4368,6,0.939,0,The Boys From Syracuse
5/6/18,2018,18,1008097,1008097,957024,1.0534,167.51,348,6018,6192,8,0.972,0,The Boys In The Band
1/19/14,2014,3,212261,212261,393816,0.539,76.27,223,2783,3057,3,0.91,0,The Bridges Of Madison County
4/17/06,2006,16,114085,114085,352200,0.3239,50.77,176.25,2247,4316,4,0.521,0,The Caine Mutiny Court Martial
1/4/98,1998,1,647988,-26462,744297,0.8706,58.72,67.5,11035,12712,8,0.868,-0.049,The Capeman
1/4/04,2004,1,251623,52733,330360,0.7617,46.83,66.25,5373,5920,8,0.908,0.101,The Caretaker
5/6/90,1990,18,12138,12138,0,,0,0,1374,0,2,0,0,The Cemetery Club
3/29/98,1998,13,85211,85211,285437,0.2985,31.34,60,2719,5635,7,0.483,0,The Chairs
9/18/16,2016,38,236157,236157,422775,0.5586,69.58,142,3394,3700,5,0.917,0,The Cherry Orchard
1/7/18,2018,1,217788,-18414,688136,0.3165,57.77,199,3770,5200,8,0.725,-0.131,The Children
1/7/90,1990,1,150230,-84562,0,,0,0,5498,0,8,0,0,The Circle
3/28/99,1999,13,241422,241422,796311,0.3032,45.46,75,5311,13584,8,0.391,0,The Civil War
1/7/07,2007,1,279148,-340050,400040,0.6978,69.04,100,4043,4188,4,0.965,-0.002,The Coast Of Utopia
10/22/06,2006,43,280898,280898,598860,0.4691,49.53,100,5671,6270,6,0.904,0,The Coast Of Utopia  Part 1 Voyage 
1/1/17,2017,1,1172091,570096,1123303,1.0434,127.51,193,9192,9459,9,0.972,0.134,The Color Purple
4/8/12,2012,15,159476,159476,439248,0.3631,52.2,121,3055,3900,6,0.783,0,The Columnist
5/17/87,1987,20,84918,84918,0,,0,0,6317,0,8,0,0,The Comedy Of Errors
5/29/05,2005,22,117381,117381,185050,0.6343,47.03,86.25,2496,2960,4,0.843,0,The Constant Wife
4/6/08,2008,14,203468,203468,278895,0.7296,78.86,300,2580,3309,3,0.78,0,The Country Girl
9/14/14,2014,37,198383,198383,518000,0.383,53.56,0,3704,4550,7,0.814,0,The Country House
4/13/14,2014,15,155234,155234,163830,0.9475,72.78,248,2133,2146,2,0.994,0,The Cripple Of Inishmaan
3/6/16,2016,10,475357,475357,695202,0.6838,97.39,327,4881,5412,6,0.902,0,The Crucible
1/3/16,2016,1,789908,-2112,902678,0.8751,104.43,233,7564,8144,8,0.929,-0.004,The Curious Incident Of The Dog In The Night Time
3/1/98,1998,9,27399,27399,54890,0.4992,41.02,55,668,998,2,0.669,0,The Deep Blue Sea
1/1/89,1989,1,91409,51733,0,,0,0,4707,0,9,0,0,The Devil S Disciple
1/4/98,1998,1,345880,-6728,411747,0.84,46.63,60,7417,7880,8,0.941,-0.025,The Diary Of Anne Frank
1/7/01,2001,1,289453,-133850,430276,0.6727,52.28,65,5537,8200,8,0.675,-0.238,The Dinner Party
1/7/07,2007,1,852133,-529047,1154648,0.738,73.93,248.75,11526,12888,8,0.894,-0.048,The Drowsy Chaperone
1/4/15,2015,1,1069102,10555,964704,1.1082,167.99,298,6364,6192,8,1.028,0.007,The Elephant Man
1/1/17,2017,1,334416,160704,783325,0.4269,61.25,223,5460,6795,9,0.804,0.171,The Encounter
1/6/08,2008,1,276381,-70358,699710,0.395,60.31,201.5,4583,8040,8,0.57,-0.019,The Farnsworth Invention
3/27/16,2016,13,163744,163744,620130,0.264,52.92,150,3094,4550,7,0.68,0,The Father
3/13/94,1994,11,46020,46020,0,,0,0,2312,0,7,0,0,The Flowering Peach
1/1/95,1995,1,180585,108495,0,,0,0,4181,0,9,0,0,The Flying Karamazov Brothers
6/27/04,2004,26,312750,312750,538560,0.5807,51.52,90,6071,6282,6,0.966,0,The Frogs
1/1/17,2017,1,1291255,448592,1468140,0.8795,125.18,373,10315,10602,9,0.973,0.123,The Front Page
4/15/01,2001,15,30319,30319,213428,0.1421,30.81,66.25,984,4332,4,0.227,0,The Gathering
4/4/99,1999,14,66006,66006,260198,0.2537,42.78,75,1543,4316,4,0.358,0,The Gershwinsfascinating Rhythm
1/3/16,2016,1,349779,98865,777392,0.4499,62.34,223,5611,6416,8,0.875,0.186,The Gin Game
2/12/17,2017,7,312736,-339470,574845,0.544,71.5,273,4374,4965,5,0.881,-0.105,The Glass Menagerie
2/17/02,2002,7,61603,61603,103488,0.5953,39.95,76.25,1542,1608,2,0.959,0,The Goat Or Who Is Sylvia 
10/24/04,2004,43,40369,40369,166416,0.2426,44.46,81.25,908,2382,3,0.381,0,The Good Body
2/14/93,1993,7,271573,271573,0,,0,0,4776,0,3,0,0,The Goodbye Girl
3/13/88,1988,11,67416,67416,0,,0,0,4644,0,4,0,0,The Gospel At Colonus
1/2/94,1994,1,92714,70187,0,,0,0,3891,0,8,0,0,The Government Inspector
1/5/03,2003,1,248064,-79919,569143,0.4359,51.43,250,4823,8600,8,0.561,-0.136,The Graduate
3/18/90,1990,11,118584,118584,0,,0,0,3890,0,7,0,0,The Grapes Of Wrath
4/2/00,2000,14,27155,27155,62510,0.4344,58.4,75,465,1037,1,0.448,0,The Green Bird
3/1/15,2015,9,305345,305345,891192,0.3426,51.05,223,5981,8008,8,0.747,0,The Heidi Chronicles
1/6/13,2013,1,380424,-115780,898072,0.4236,78.42,275,4851,7608,8,0.638,0.03,The Heiress
4/12/92,1992,15,26610,26610,0,,0,0,2083,0,8,0,0,The High Rollers Social And Pleasure Club
4/9/06,2006,15,211041,211041,285811,0.7384,70.87,176.25,2978,3480,3,0.856,0,The History Boys
1/6/08,2008,1,335279,24108,639722,0.5241,62.04,226.5,5404,8656,8,0.624,0.063,The Homecoming
4/10/11,2011,15,485320,485320,721913,0.6723,76.8,275,6319,6587,7,0.959,0,The House Of Blue Leaves
1/1/17,2017,1,814555,392196,1098423,0.7416,97.99,297,8313,9315,9,0.892,0.19,The Humans
3/25/18,2018,12,391717,391717,373380,1.0491,186.8,397,2097,2108,2,0.995,0,The Iceman Cometh
1/3/16,2016,1,1801327,438646,2200287,0.8187,118.91,250,15149,17979,13,0.843,-0.023,The Illusionists Live On Broadway
1/1/17,2017,1,2397106,1569681,3536949,0.6777,98.63,247,24305,28747,17,0.845,0.166,The Illusionists Turn Of The Century
1/4/15,2015,1,2217405,406177,2432100,0.9117,118.69,175,18683,19164,12,0.975,0.029,The Illusionists Witness The Impossible
1/2/11,2011,1,235694,72978,652200,0.3614,56.83,117,4147,5920,8,0.701,0.067,The Importance Of Being Earnest
3/4/01,2001,9,96135,96135,168806,0.5695,31.35,60,3067,3632,4,0.844,0,The Invention Of Love
4/26/98,1998,17,288816,288816,313734,0.9206,52.08,60,5546,6090,5,0.911,0,The Judas Kiss
11/7/93,1993,45,99788,99788,0,,0,0,4568,0,8,0,0,The Kentucky Cycle
1/3/16,2016,1,1050922,-43100,1364960,0.7699,150.39,297,6988,8376,8,0.834,-0.057,The King And I
1/4/98,1998,1,207477,15362,259695,0.7989,51.93,55,3995,4776,8,0.836,0.079,The Last Night Of Ballyhoo
1/4/15,2015,1,953165,89161,1243260,0.7667,106.08,225,8985,10792,8,0.833,0.107,The Last Ship
4/23/06,2006,17,155784,155784,384912,0.4047,47.39,176.25,3287,5532,6,0.594,0,The Lieutenant Of Inishmore
1/4/98,1998,1,441776,19231,592224,0.746,59.56,75,7417,8608,8,0.862,0.003,The Life
1/1/06,2006,1,679579,328882,781675,0.8694,87.9,100,7731,8328,8,0.928,0.287,The Light In The Piazza
2/21/99,1999,8,61969,61969,112275,0.5519,46.04,60,1346,1497,3,0.899,0,The Lion In Winter
1/7/18,2018,1,2622799,-477131,2548655,1.0291,173.22,225,15141,15264,9,0.992,-0.008,The Lion King
1/7/07,2007,1,185537,-111113,547754,0.3387,46.33,201.25,4005,8656,8,0.463,-0.172,The Little Dog Laughed
4/2/17,2017,14,259953,259953,531540,0.4891,71.91,150,3615,3900,6,0.927,0,The Little Foxes
1/4/09,2009,1,1159724,-9046,1128090,1.028,98.59,250,11763,12160,8,0.967,0.045,The Little Mermaid
4/25/99,1999,17,60393,60393,327663,0.1843,21.74,60,2778,7392,8,0.376,0,The Lonesome West
4/6/03,2003,14,104336,104336,0,,38.42,90,2716,4108,4,0.661,0,The Look Of Love
4/8/12,2012,15,48615,48615,561130,0.0866,16.93,198,2871,5395,5,0.532,0,The Lyons
7/2/00,2000,27,151471,151471,265320,0.5709,46.46,65,3260,3685,5,0.885,0,The Man Who Came To Dinner
4/21/02,2002,16,128580,128580,218714,0.5879,41.34,65,3110,3700,5,0.841,0,The Man Who Had All The Luck
3/15/92,1992,11,123151,123151,0,,0,0,5465,0,8,0,0,The Master Builder
1/2/11,2011,1,1175750,76330,1066275,1.1027,142.24,300,8266,8064,7,1.025,-0.001,The Merchant Of Venice
4/5/87,1987,14,106550,106550,0,,0,0,5430,0,8,0,0,The Mikado
2/14/10,2010,7,122265,122265,266340,0.4591,60.23,200,2030,2316,3,0.877,0,The Miracle Worker
9/23/90,1990,38,33103,33103,0,,0,0,2281,0,4,0,0,The Miser
1/15/95,1995,3,90410,90410,0,,0,0,3153,0,7,0,0,The Moliere Comedies
1/26/92,1992,4,51503,51503,0,,0,0,2772,0,4,0,0,The Most Happy Fella
3/20/11,2011,12,271872,271872,746940,0.364,56.92,275,4776,6426,6,0.743,0,The Motherf  Ker With The Hat
1/1/12,2012,1,688919,688919,1158056,0.5949,88.97,225,7743,9585,9,0.808,0,The Mountaintop
1/7/01,2001,1,436030,-406965,732133,0.5956,70.9,90,6150,10640,8,0.578,-0.411,The Music Man
4/5/87,1987,14,50704,50704,0,,0,0,3698,0,6,0,0,The Musical Comedy Murders
4/21/02,2002,16,22310,22310,219633,0.1016,28.9,66.25,772,4072,4,0.19,0,The Mystery Of Charles Dickens
1/6/13,2013,1,396214,-163886,928200,0.4269,64.05,137,6186,8032,8,0.77,-0.099,The Mystery Of Edwin Drood
3/24/13,2013,12,199627,199627,373840,0.534,71.42,120,2795,3664,4,0.763,0,The Nance
3/10/96,1996,10,121793,121793,0,,34.87,50,3493,0,7,0,0,The Night Of The Iguana
4/24/11,2011,17,130853,130853,659040,0.1986,23.27,198,5623,6432,8,0.874,0,The Normal Heart
4/12/09,2009,15,96012,96012,532350,0.1804,51.84,175,1852,5460,7,0.339,0,The Norman Conquests
1/1/06,2006,1,962662,110377,849250,1.1335,110.5,250,8712,8616,8,1.011,0,The Odd Couple
1/4/98,1998,1,222082,-24445,304596,0.7291,41.9,55,5300,6200,8,0.855,-0.006,The Old Neighborhood
1/6/13,2013,1,167770,9033,565416,0.2967,37.47,120,4477,5152,8,0.869,0.158,The Other Place
1/23/06,2006,4,383326,383326,420810,0.9109,92.82,101.25,4130,4344,6,0.951,0,The Pajama Game
1/7/18,2018,1,407628,-239164,1037246,0.393,71.02,260,5740,7816,8,0.734,-0.141,The Parisian Woman
1/2/11,2011,1,993845,458458,1102770,0.9012,114.04,225,8715,9495,9,0.918,0.202,The Pee Wee Herman Show
4/3/11,2011,14,87141,87141,411820,0.2116,32.42,122,2688,3988,4,0.674,0,The People In The Picture
10/28/12,2012,44,187397,187397,674940,0.2777,42.76,135,4383,7539,7,0.581,0,The Performers
4/20/86,1986,16,43262,43262,0,,0,0,3086,0,6,0,0,The Petition
1/7/18,2018,1,1233621,-912505,1356418,0.9095,97.48,213,12655,12840,8,0.986,-0.021,The Phantom Of The Opera
4/12/09,2009,15,119727,119727,270103,0.4433,46.05,111.5,2600,2960,4,0.878,0,The Philanthropist
1/6/91,1991,1,123592,-60029,0,,0,0,5250,0,8,0,0,The Piano Lesson
3/27/05,2005,13,245670,245670,502137,0.4892,60.29,96.25,4075,6200,8,0.657,0,The Pillowman
3/11/07,2007,10,615585,615585,1167500,0.5273,57.34,111.25,10735,12593,7,0.852,0,The Pirate Queen
9/19/10,2010,38,189291,189291,564744,0.3352,49.28,116,3841,5200,8,0.739,0,The Pitmen Painters
1/7/18,2018,1,453677,-253639,677688,0.6694,77.63,213,5844,6832,8,0.855,-0.065,The Play That Goes Wrong
3/9/03,2003,10,6893,6893,7754,0.889,2.09,4,3305,3628,4,0.911,0,The Play What I Wrote
6/18/95,1995,25,32682,32682,0,,0,50,1240,1497,3,0.828,0,The Play S The Thing
1/1/17,2017,1,969495,25511,939967,1.0314,131.6,272,7367,7371,7,0.999,0.032,The Present
2/19/17,2017,8,280192,280192,383092,0.7314,95.17,250,2944,2960,4,0.995,0,The Price
10/29/89,1989,44,49213,49213,0,,0,0,3252,0,7,0,0,The Prince Of Central Park
1/7/07,2007,1,614990,-487732,1042163,0.5901,62.93,241.25,9772,13648,8,0.716,-0.185,The Producers
1/2/00,2000,1,147501,-36111,204759,0.7204,37.33,65,3951,4990,5,0.792,0.162,The Rainmaker
4/21/13,2013,16,646622,646622,835825,0.7736,109.8,298,5889,6695,5,0.88,0,The Rascalsonce Upon A Dream
8/2/92,1992,31,61135,61135,0,,0,0,2398,0,7,0,0,The Real Inspector Hound
1/4/15,2015,1,462361,28213,559356,0.8266,89.24,0,5181,5180,7,1,0.066,The Real Thing
3/16/14,2014,11,253222,253222,362864,0.6978,89.13,223,2841,3488,4,0.815,0,The Realistic Joneses
11/7/93,1993,45,356071,356071,0,,0,0,12571,0,8,0,0,The Red Shoes
4/12/87,1987,15,35673,35673,0,,0,0,2474,0,8,0,0,The Regard Of Flight
1/5/97,1997,1,114514,43408,0,,30.2,55,3792,3992,8,0.95,0.054,The Rehearsal
1/4/04,2004,1,179051,11614,442303,0.4048,52.96,81.25,3381,6312,8,0.536,-0.032,The Retreat From Moscow
3/26/00,2000,13,287941,287941,506971,0.568,40.33,65,7140,8872,8,0.805,0,The Ride Down Mtmorgan
4/17/94,1994,16,24807,24807,0,,0,0,1320,0,4,0,0,The Rise And Fall Of Little Voice
9/16/07,2007,37,93124,93124,241755,0.3852,42.84,95,2174,3018,3,0.72,0,The Ritz
1/2/05,2005,1,339219,134242,692640,0.4897,59.13,85,5737,8464,8,0.678,0.226,The Rivals
1/4/15,2015,1,756740,-15109,750744,1.008,133.25,275,5679,5568,8,1.02,0.02,The River
1/1/12,2012,1,126109,126109,560210,0.2251,42.65,117,2957,5089,7,0.581,0,The Road To Mecca
1/6/02,2002,1,285946,6143,440964,0.6485,50,85,5719,5504,8,1.039,-0.004,The Rocky Horror Show
4/23/95,1995,17,22162,22162,0,,0,0,1149,2172,3,0.529,0,The Rose Tattoo
9/20/09,2009,38,148558,148558,473200,0.3139,40.89,97,3633,5200,8,0.699,0,The Royal Family
1/2/00,2000,1,356377,161185,674621,0.5283,53.22,75,6696,10928,8,0.613,0.277,The Scarlet Pimpernel
10/10/10,2010,41,174965,174965,589074,0.297,48.74,250,3590,5508,6,0.652,0,The Scottsboro Boys
1/6/08,2008,1,240757,-68636,537173,0.4482,64.7,226.5,3721,6240,8,0.596,-0.113,The Seafarer
9/21/08,2008,38,369609,369609,679190,0.5442,61.16,252,6043,7576,8,0.798,0,The Seagull
1/7/01,2001,1,257600,-117253,312786,0.8236,55.93,65,4606,5432,7,0.848,-0.078,The Search For Signs Of Intelligent Life In The Universe
1/3/93,1993,1,550724,195454,0,,0,0,11818,0,8,0,0,The Secret Garden
10/18/92,1992,42,50347,50347,0,,0,0,2260,0,7,0,0,The Show Off
1/2/94,1994,1,349517,113302,392701,0.89,0,0,8220,8768,8,0.938,0.212,The Sisters Rosensweig
3/10/02,2002,10,61126,61126,203950,0.2997,30.69,70,1992,2985,5,0.667,0,The Smell Of The Kill
10/6/13,2013,40,200041,200041,518000,0.3862,54.2,125,3691,4550,7,0.811,0,The Snow Geese
3/21/93,1993,12,93376,93376,0,,0,0,4126,0,6,0,0,The Song Of Jacob Zulu
1/3/99,1999,1,665277,97349,744624,0.8934,67.88,80,9801,11496,8,0.853,0.092,The Sound Of Music
2/17/91,1991,7,28060,28060,0,,0,0,1903,0,4,0,0,The Speed Of Darkness
2/8/09,2009,6,73812,73812,600521,0.1229,35.73,175,2066,6240,8,0.331,0,The Story Of My Life
1/4/98,1998,1,246576,18982,346680,0.7113,42.12,60,5854,7312,8,0.801,0.061,The Sunshine Boys
1/6/02,2002,1,266111,-161055,492315,0.5405,45.76,70,5815,8368,8,0.695,-0.287,The Tale Of The Allergist S Wife
1/6/85,1985,1,249525,-175637,0,,0,0,7756,0,8,0,0,The Tap Dance Kid
10/15/95,1995,42,321603,321603,437609,0.7349,0,65,6550,8015,7,0.817,0,The Tempest
1/4/15,2015,1,819461,819461,1293810,0.6334,93.33,240,8780,11753,7,0.747,0,The Temptations And The Four Tops On Broadway
1/7/90,1990,1,72076,-1421,0,,0,0,4530,0,8,0,0,The Tenth Man
7/30/17,2017,31,199041,199041,194544,1.0231,100.63,247,1978,2016,2,0.981,0,The Terms Of My Surrender
3/31/13,2013,13,191134,191134,631440,0.3027,47.89,225,3991,5658,6,0.705,0,The Testament Of Mary
3/26/06,2006,13,361936,361936,367225,0.9856,75.39,111.25,4801,5030,5,0.954,0,The Threepenny Opera
10/1/06,2006,40,342274,342274,681683,0.5021,49.66,251.25,6892,7720,8,0.893,0,The Times They Are A Changin 
3/31/13,2013,13,161233,161233,257030,0.6273,82.77,250,1948,2126,2,0.916,0,The Trip To Bountiful
4/6/14,2014,14,135307,135307,669898,0.202,39.96,173,3386,5446,7,0.622,0,The Velocity Of Autumn
1/7/07,2007,1,397993,-172273,671507,0.5927,73.01,201.25,5451,7944,8,0.686,-0.137,The Vertical Hour
10/19/03,2003,42,140064,140064,226053,0.6196,51.1,81,2741,3250,5,0.843,0,The Violet Hour
3/29/15,2015,13,167410,167410,476635,0.3512,46.74,225,3582,4505,5,0.795,0,The Visit
4/2/06,2006,14,292127,292127,551430,0.5298,61.83,251.25,4725,5688,4,0.831,0,The Wedding Singer
3/28/99,1999,13,173926,173926,339151,0.5128,34.45,60,5048,6629,7,0.762,0,The Weir
3/12/00,2000,11,188517,188517,342590,0.5503,48.33,84,3901,4904,4,0.795,0,The Wild Party
9/22/13,2013,38,88627,88627,423850,0.2091,37.52,127,2362,3700,5,0.638,0,The Winslow Boy
1/1/06,2006,1,930123,495122,1208166,0.7699,83.11,250,11191,14535,9,0.77,0.24,The Woman In White
1/6/02,2002,1,355821,-8521,397000,0.8963,58.34,70,6099,5920,8,1.03,0.011,The Women
1/1/89,1989,1,164191,72886,0,,0,0,5486,0,5,0,0,The World According To Me
3/11/07,2007,10,373164,373164,389036,0.9592,84.56,251.25,4413,4692,6,0.941,0,The Year Of Magical Thinking
3/16/97,1997,11,52673,52673,0,,24.46,45,2153,5475,5,0.393,0,The Young Man From Atlanta
1/3/16,2016,1,370028,81797,739501,0.5004,67.87,139,5452,7133,7,0.764,0.174,Th R Se Raquin
1/4/15,2015,1,569187,225931,893374,0.6371,69.11,223,8236,9549,9,0.862,0.128,This Is Our Youth
1/4/04,2004,1,784117,31444,994201,0.7887,70.29,240,11156,12624,8,0.884,0.096,Thoroughly Modern Millie
1/6/91,1991,1,75341,-12331,0,,0,0,2789,0,8,0,0,Those Were The Days
1/6/02,2002,1,179459,-80770,614859,0.2919,42.4,86.25,4233,8264,8,0.512,-0.12,Thou Shalt Not
4/2/06,2006,14,988198,988198,758207,1.3033,113.87,251.25,8678,8592,8,1.01,0,Three Days Of Rain
11/15/92,1992,46,26419,26419,0,,0,0,1340,0,5,0,0,Three From Brooklyn
3/28/93,1993,13,116697,116697,0,,0,0,5123,0,8,0,0,Three Men On A Horse
11/4/84,1984,0,127000,127000,0,,0,0,6793,0,8,0,0,Three Musketeers
10/22/89,1989,43,306813,306813,0,,0,0,6788,0,5,0,0,Three Penny Opera
1/26/97,1997,4,139094,139094,0,,39.87,55,3489,3493,7,0.999,0,Three Sisters
3/4/18,2018,9,283296,283296,415636,0.6816,98.06,273,2889,3148,4,0.918,0,Three Tall Women
4/13/08,2008,15,79175,79175,128146,0.6179,58.43,151.5,1355,1560,2,0.869,0,Thurgood
9/17/17,2017,38,92816,92816,237078,0.3915,52.38,0,1772,2202,3,0.805,0,Time And The Conways
1/2/11,2011,1,456335,338373,936410,0.4873,69.5,250,6566,9711,9,0.676,-0.058,Time Stands Still
10/24/93,1993,43,29472,29472,0,,0,0,1518,0,8,0,0,Timon Of Athens
1/3/99,1999,1,595713,171256,715255,0.8329,60.14,100,9905,11800,8,0.839,0.21,Titanic
7/6/08,2008,27,69299,69299,198534,0.3491,46.51,200,1490,2766,3,0.539,0,Title Of Show
9/21/08,2008,38,134559,134559,476080,0.2826,50.19,95,2681,5200,8,0.516,0,To Be Or Not To Be
1/1/95,1995,1,635902,330630,0,,0,0,12536,0,8,0,0,Tommy
1/3/93,1993,1,546986,349653,0,,0,0,12971,0,9,0,0,Tommy Tune Tonite
4/20/08,2008,16,138652,138652,412650,0.336,46.59,91.5,2976,4550,7,0.654,0,Top Girls
3/17/02,2002,11,69618,69618,517766,0.1345,30.45,76.25,2286,8872,8,0.258,0,Topdog Underdog
1/6/85,1985,1,25000,0,0,,0,0,2000,0,8,0,0,Torch Song Trilogy
1/7/07,2007,1,119161,119161,254192,0.4688,46.64,86.25,2555,5200,5,0.491,0,Translations
4/1/18,2018,13,151212,151212,327612,0.4616,61.27,147,2468,2896,4,0.852,0,Travesties
1/4/98,1998,1,271068,50504,518538,0.5228,52.43,80,5170,8288,8,0.624,0.137,Triumph Of Love
1/7/90,1990,1,78181,-18861,0,,0,0,3934,0,7,0,0,Tru
2/20/00,2000,8,98096,98096,123402,0.7949,44.45,55,2207,2468,4,0.894,0,True West
4/15/90,1990,15,31484,31484,0,,0,0,1927,0,5,0,0,Truly Blessed
4/3/16,2016,14,263150,263150,518943,0.5071,62.03,223,4242,4644,4,0.913,0,Tuck Everlasting
6/21/98,1998,25,101575,101575,182310,0.5572,32.56,60,3120,3219,3,0.969,0,Twelfth Night
1/2/05,2005,1,408193,84216,453440,0.9002,70.72,86.25,5772,5920,8,0.975,0.045,Twelve Angry Men
3/7/04,2004,10,261145,261145,349905,0.7463,47.51,86.25,5497,5920,8,0.929,0,Twentieth Century
10/10/93,1993,41,43948,43948,0,,0,0,1964,0,4,0,0,Twilight Of The Golds
4/10/94,1994,15,22597,22597,0,,0,0,930,0,1,0,0,Twilightlos Angeles
1/5/92,1992,1,66686,582,0,,0,0,5179,0,8,0,0,Two Shakespearean Actors
4/12/92,1992,15,105843,105843,0,,0,0,5204,0,7,0,0,Two Trains Running
4/9/00,2000,15,158893,158893,247893,0.641,39.27,65,4046,6090,6,0.664,0,Uncle Vanya
1/19/86,1986,3,60310,60310,0,,0,0,3296,0,5,0,0,Uptown   It S Hot
3/2/03,2003,9,58766,58766,290306,0.2024,58.47,96.25,1005,3480,3,0.289,0,Urban Cowboy
1/4/04,2004,1,365309,19329,386346,0.9455,73.31,95,4983,5048,8,0.987,0.104,Urinetown
3/10/13,2013,10,305840,305840,717962,0.426,54.79,197,5582,6296,8,0.887,0,Vanya And Sonia And Masha And Spike
2/12/12,2012,7,346117,346117,692160,0.5001,76.46,200,4527,5696,8,0.795,0,Venus In Fur
3/7/99,1999,10,22751,22751,122505,0.1857,22.68,55,1003,2295,3,0.437,0,Via Dolorosa
1/5/97,1997,1,616098,-69741,0,,66.74,75,9232,12808,8,0.721,-0.136,Victor Victoria
2/16/03,2003,7,52471,52471,187430,0.2799,31.25,70,1679,3184,4,0.527,0,Vincent In Brixton
3/30/14,2014,13,169792,169792,381056,0.4456,60.53,142,2805,2908,4,0.965,0,Violet
8/1/99,1999,31,19485,19485,52777,0.3692,24.36,60,800,1086,1,0.737,0,Voices In The Dark
3/29/98,1998,13,199772,199772,206052,0.9695,49.44,60,4041,4176,4,0.968,0,Wait Until Dark
4/5/09,2009,14,204485,204485,339027,0.6032,55.45,116.5,3688,4016,4,0.918,0,Waiting For Godot
1/2/00,2000,1,305700,62575,449712,0.6798,63.69,70,4800,7576,8,0.634,0.13,Waiting In The Wings
1/7/18,2018,1,1079800,-372280,1019480,1.0592,130.88,270,8250,8360,8,0.987,-0.011,Waitress
1/6/13,2013,1,948043,-93405,1063060,0.8918,111.94,175,8469,8552,8,0.99,0.016,War Horse
3/12/17,2017,11,800448,800448,1103212,0.7256,107.8,248,7425,8176,7,0.908,0,War Paint
4/2/89,1989,14,38113,38113,0,,0,0,2155,0,8,0,0,Welcome To The Club
3/12/06,2006,11,60685,60685,272408,0.2228,39.18,86.25,1549,4380,4,0.354,0,Well
1/2/11,2011,1,1403667,531716,1392960,1.0077,107.64,300,13040,13576,8,0.961,0.228,West Side Story
11/20/94,1994,47,109627,109627,0,,0,0,6828,0,8,0,0,What S Wrong With This Picture
1/6/13,2013,1,258795,-85395,666920,0.388,83.08,225,3115,5460,7,0.571,-0.018,Who S Afraid Of Virginia Woolf 
1/2/05,2005,1,279222,137021,441971,0.6318,54.58,76.25,5116,7376,8,0.694,0.23,Whoopi
1/7/18,2018,1,1926621,-1374446,1779845,1.0825,128.32,240,15014,15408,8,0.974,-0.026,Wicked
1/4/87,1987,1,144853,21381,0,,0,0,4937,0,8,0,0,Wild Honey
4/11/93,1993,15,12228,12228,0,,0,0,658,0,4,0,0,Wilder Wilder Wilder
1/3/93,1993,1,578143,149483,0,,0,0,10637,0,8,0,0,Will Rogersfollies
12/1/85,1985,48,68740,68740,0,,0,0,3574,0,7,0,0,Wind In The Willows
1/3/10,2010,1,314422,105813,762545,0.4123,59.92,126.5,5247,7028,7,0.747,0.184,Wishful Drinking
1/8/12,2012,2,121813,121813,352965,0.3451,48.22,116,2526,3250,5,0.777,0,Wit
3/22/15,2015,12,419780,419780,714787,0.5873,99.66,293.5,4212,5532,4,0.761,0,Wolf Hall Parts One Two
1/2/11,2011,1,377877,136028,826800,0.457,60.43,125,6253,7760,8,0.806,0.322,Women On The Verge Of A Nervous Breakdown
10/10/93,1993,41,103070,103070,0,,0,0,4447,0,5,0,0,Wonderful Tennessee
1/2/05,2005,1,772385,331351,949032,0.8139,81.75,95,9448,11496,8,0.822,0.261,Wonderful Town
10/13/91,1991,41,27462,27462,0,,0,0,1390,0,4,0,0,Wonderhouse
3/27/11,2011,13,588153,588153,1432024,0.4107,48.6,200,12103,12896,8,0.939,0,Wonderland
1/6/08,2008,1,230398,-101755,501040,0.4598,69.88,226.25,3297,4768,8,0.691,-0.09,Xanadu
1/4/15,2015,1,610186,-40063,986088,0.6188,91.33,250,6681,8584,8,0.778,-0.023,You Can T Take It With You
1/4/87,1987,1,49547,6270,0,,0,0,2247,0,8,0,0,You Never Can Tell
1/24/99,1999,4,54616,54616,200608,0.2723,40.94,75,1334,3288,3,0.406,0,You Re A Good Man Charlie Brown
1/25/09,2009,4,837353,837353,761273,1.0999,98.52,250,8499,8536,8,0.996,0,You Re Welcome Americaa Final Night With George Wbush
6/10/84,1984,0,267302,267302,0,,0,0,9300,0,8,0,0,Zorba
4/29/90,1990,17,15381,15381,0,,0,0,1055,0,2,0,0,Zoya S Apartment